-- --------------------------------------------------------
-- 主机:                           localhost
-- 服务器版本:                        5.6.13-log - MySQL Community Server (GPL)
-- 服务器操作系统:                      Win32
-- HeidiSQL 版本:                  9.2.0.4947
-- --------------------------------------------------------

/*!40101 SET @OLD_CHARACTER_SET_CLIENT=@@CHARACTER_SET_CLIENT */;
/*!40101 SET NAMES utf8mb4 */;
/*!40014 SET @OLD_FOREIGN_KEY_CHECKS=@@FOREIGN_KEY_CHECKS, FOREIGN_KEY_CHECKS=0 */;
/*!40101 SET @OLD_SQL_MODE=@@SQL_MODE, SQL_MODE='NO_AUTO_VALUE_ON_ZERO' */;

-- 导出 community 的数据库结构
DROP DATABASE IF EXISTS `community`;
CREATE DATABASE IF NOT EXISTS `community` /*!40100 DEFAULT CHARACTER SET utf8 */;
USE `community`;


-- 导出  表 community.account 结构
DROP TABLE IF EXISTS `account`;
CREATE TABLE IF NOT EXISTS `account` (
  `id` bigint(20) NOT NULL DEFAULT '0',
  `user_name` varchar(20) COLLATE utf8_bin DEFAULT NULL,
  `password` varchar(100) COLLATE utf8_bin DEFAULT NULL,
  `sex` varchar(10) COLLATE utf8_bin DEFAULT NULL,
  `phone` varchar(20) COLLATE utf8_bin DEFAULT NULL,
  `created_time` datetime DEFAULT NULL,
  `modified_time` datetime DEFAULT NULL,
  `status` varchar(20) COLLATE utf8_bin DEFAULT NULL,
  `depart` varchar(20) COLLATE utf8_bin DEFAULT NULL,
  `title` varchar(20) COLLATE utf8_bin DEFAULT NULL,
  `name` varchar(20) COLLATE utf8_bin DEFAULT NULL,
  `email` varchar(30) COLLATE utf8_bin DEFAULT NULL,
  `start_ip` varchar(20) COLLATE utf8_bin DEFAULT NULL,
  `end_ip` varchar(20) COLLATE utf8_bin DEFAULT NULL,
  `start_hour` int(11) DEFAULT NULL,
  `end_hour` int(11) DEFAULT NULL,
  `description` text COLLATE utf8_bin,
  `remote_ip` varchar(255) COLLATE utf8_bin DEFAULT NULL,
  `mac` varchar(20) COLLATE utf8_bin DEFAULT NULL,
  `ip_type` int(1) NOT NULL DEFAULT '1',
  `user_type` int(1) NOT NULL DEFAULT '1' COMMENT '1代表管理员用户,2代表网点用户',
  `community_id` bigint(11) DEFAULT NULL,
  PRIMARY KEY (`id`),
  KEY `FK_account_community_id` (`community_id`),
  KEY `FKB9D38A2D38719A5` (`community_id`),
  CONSTRAINT `FKB9D38A2D38719A5` FOREIGN KEY (`community_id`) REFERENCES `community` (`id`),
  CONSTRAINT `FK_account_community_id` FOREIGN KEY (`community_id`) REFERENCES `community` (`id`)
) ENGINE=InnoDB DEFAULT CHARSET=utf8 COLLATE=utf8_bin COMMENT='账户表';

-- 正在导出表  community.account 的数据：~7 rows (大约)
/*!40000 ALTER TABLE `account` DISABLE KEYS */;
REPLACE INTO `account` (`id`, `user_name`, `password`, `sex`, `phone`, `created_time`, `modified_time`, `status`, `depart`, `title`, `name`, `email`, `start_ip`, `end_ip`, `start_hour`, `end_hour`, `description`, `remote_ip`, `mac`, `ip_type`, `user_type`, `community_id`) VALUES
	(1, 'admin', 'S8W2gMnH8VWiT9pXRMPQxA==', '男', '0571-88888888', '2010-07-04 13:52:36', '2014-05-22 17:16:38', '有效', '信息中心', '主任', '初始化管理员', 'xiaom@hzih.net', '0.0.0.0', '192.168.254.254', 9, 18, '这是一个默认的超级用户信息', '192.168.2.176', '5C-63-BF-1D-72-07', 1, 1, NULL),
	(2, 'authadmin', 'S8W2gMnH8VWiT9pXRMPQxA==', '男', '0571-88888888', '2012-04-12 14:22:35', '2013-05-07 18:27:30', '有效', '信息中心', '主任', '授权管理员', 'xiaom@hzih.net', '0.0.0.0', '192.168.200.254', 1, 22, '这是一个默认的授权用户信息', '', NULL, 1, 1, NULL),
	(3, 'configadmin', 'S8W2gMnH8VWiT9pXRMPQxA==', '男', '0571-88888888', '2012-06-12 18:04:01', '2013-05-07 18:27:45', '有效', '信息中心', '主任', '配置管理员', 'xiaom@hzih.net', '0.0.0.0', '192.168.200.254', 9, 21, '这是一个默认的配置用户信息', '', NULL, 1, 1, NULL),
	(4, 'auditadmin', 'S8W2gMnH8VWiT9pXRMPQxA==', '男', '0571-88888888', '2012-07-03 10:19:57', '2014-08-26 13:01:36', '有效', '信息中心', '主任', '审计管理员', 'xiaom@hzih.net', '0.0.0.0', '192.168.200.254', 7, 22, '这是一个默认的审计用户信息', NULL, NULL, 1, 1, NULL),
	(5, 'test', 'S8W2gMnH8VWiT9pXRMPQxA==', '男', '0571-88880571', '2016-02-24 17:40:36', NULL, '有效', '信息部', '主任', '测试', '**@hzih.net', '0.0.0.0', '192.255.255.255', 9, 18, '这是一个用户信息', NULL, '', 1, 1, NULL),
	(6, 'lisi', 'S8W2gMnH8VWiT9pXRMPQxA==', '男', '0571-88880571', '2016-02-25 17:34:06', NULL, '有效', '信息部', '主任', 'lisis', '**@hzih.net', '0.0.0.0', '192.255.255.255', 9, 18, '这是一个用户信息', NULL, '', 1, 2, 1),
	(7, 'wangwu', 'S8W2gMnH8VWiT9pXRMPQxA==', '男', '0571-88880571', '2016-02-25 17:34:35', NULL, '有效', '信息部', '主任', 'wangwu', '**@hzih.net', '0.0.0.0', '192.255.255.255', 9, 18, '这是一个用户信息', NULL, '', 1, 2, 2);
/*!40000 ALTER TABLE `account` ENABLE KEYS */;


-- 导出  表 community.account_oper_log 结构
DROP TABLE IF EXISTS `account_oper_log`;
CREATE TABLE IF NOT EXISTS `account_oper_log` (
  `Id` bigint(20) NOT NULL AUTO_INCREMENT,
  `log_time` datetime DEFAULT NULL COMMENT '审计时间',
  `level` varchar(10) DEFAULT NULL COMMENT '日志级别',
  `username` varchar(30) DEFAULT NULL COMMENT '用户名',
  `audit_module` varchar(255) DEFAULT NULL COMMENT '审计模块',
  `audit_info` varchar(255) DEFAULT NULL COMMENT '审计内容',
  PRIMARY KEY (`Id`),
  KEY `log_time` (`log_time`,`level`,`username`)
) ENGINE=InnoDB AUTO_INCREMENT=390 DEFAULT CHARSET=utf8 COMMENT='用户操作审计表';

-- 正在导出表  community.account_oper_log 的数据：~432 rows (大约)
/*!40000 ALTER TABLE `account_oper_log` DISABLE KEYS */;
/*!40000 ALTER TABLE `account_oper_log` ENABLE KEYS */;


-- 导出  表 community.account_role 结构
DROP TABLE IF EXISTS `account_role`;
CREATE TABLE IF NOT EXISTS `account_role` (
  `account_id` bigint(20) NOT NULL DEFAULT '0',
  `role_id` bigint(20) NOT NULL DEFAULT '0',
  PRIMARY KEY (`account_id`,`role_id`),
  KEY `FK_account_role_role_id` (`role_id`),
  KEY `FK_account_role_account_id` (`account_id`),
  KEY `FK410D034871460E8F` (`role_id`),
  KEY `FK410D0348933369E5` (`account_id`),
  CONSTRAINT `FK410D034871460E8F` FOREIGN KEY (`role_id`) REFERENCES `role` (`id`),
  CONSTRAINT `FK410D0348933369E5` FOREIGN KEY (`account_id`) REFERENCES `account` (`id`),
  CONSTRAINT `FK_account_role_account_id` FOREIGN KEY (`account_id`) REFERENCES `account` (`id`),
  CONSTRAINT `FK_account_role_role_id` FOREIGN KEY (`role_id`) REFERENCES `role` (`id`)
) ENGINE=InnoDB DEFAULT CHARSET=utf8;

-- 正在导出表  community.account_role 的数据：~7 rows (大约)
/*!40000 ALTER TABLE `account_role` DISABLE KEYS */;
REPLACE INTO `account_role` (`account_id`, `role_id`) VALUES
	(1, 1),
	(2, 2),
	(4, 3),
	(3, 4),
	(6, 5),
	(7, 5),
	(5, 6);
/*!40000 ALTER TABLE `account_role` ENABLE KEYS */;


-- 导出  表 community.community 结构
DROP TABLE IF EXISTS `community`;
CREATE TABLE IF NOT EXISTS `community` (
  `id` bigint(11) NOT NULL AUTO_INCREMENT COMMENT '小区ID',
  `name` varchar(50) DEFAULT NULL COMMENT '小区名称',
  `address` varchar(50) DEFAULT NULL COMMENT '详细地址',
  `number` varchar(50) DEFAULT NULL COMMENT '小区编码',
  `principal` varchar(50) DEFAULT NULL COMMENT '负责人',
  `principal_phone` varchar(50) DEFAULT NULL COMMENT '负责人电话',
  `logo` longblob,
  `region_id` bigint(20) DEFAULT NULL,
  PRIMARY KEY (`id`),
  KEY `FKA7C52FE9C3133345` (`region_id`),
  KEY `FKA7C52FE927D9C48F` (`region_id`),
  CONSTRAINT `FKA7C52FE927D9C48F` FOREIGN KEY (`region_id`) REFERENCES `region` (`REGION_ID`),
  CONSTRAINT `FK_community_region` FOREIGN KEY (`region_id`) REFERENCES `region` (`REGION_ID`)
) ENGINE=InnoDB AUTO_INCREMENT=3 DEFAULT CHARSET=utf8;

-- 正在导出表  community.community 的数据：~2 rows (大约)
/*!40000 ALTER TABLE `community` DISABLE KEYS */;
REPLACE INTO `community` (`id`, `name`, `address`, `number`, `principal`, `principal_phone`, `logo`, `region_id`) VALUES
	(1, '彩虹城', '彩虹路2222号', '0001', '张三', '13333333333', NULL, 1304),
	(2, '冠山小区', '长河路3333号', '0002', '李四', '14444444444', _binary '', 1304);
/*!40000 ALTER TABLE `community` ENABLE KEYS */;


-- 导出  表 community.community_build 结构
DROP TABLE IF EXISTS `community_build`;
CREATE TABLE IF NOT EXISTS `community_build` (
  `id` bigint(20) NOT NULL AUTO_INCREMENT COMMENT '楼栋ID',
  `value` int(5) DEFAULT NULL COMMENT '楼栋',
  `community_id` bigint(20) DEFAULT NULL COMMENT '所属小区',
  `principal` varchar(50) DEFAULT NULL,
  `principal_phone` varchar(50) DEFAULT NULL,
  PRIMARY KEY (`id`),
  UNIQUE KEY `community_id` (`community_id`,`value`),
  KEY `FK122A0698EA5694FE` (`community_id`),
  KEY `FK122A069838719A5` (`community_id`),
  CONSTRAINT `FK_community_build_community` FOREIGN KEY (`community_id`) REFERENCES `community` (`id`)
) ENGINE=InnoDB AUTO_INCREMENT=16 DEFAULT CHARSET=utf8;

-- 正在导出表  community.community_build 的数据：~3 rows (大约)
/*!40000 ALTER TABLE `community_build` DISABLE KEYS */;
REPLACE INTO `community_build` (`id`, `value`, `community_id`, `principal`, `principal_phone`) VALUES
	(12, 1, 1, NULL, NULL),
	(13, 0, 1, NULL, NULL),
	(15, 2, 2, NULL, NULL);
/*!40000 ALTER TABLE `community_build` ENABLE KEYS */;


-- 导出  表 community.community_build_unit 结构
DROP TABLE IF EXISTS `community_build_unit`;
CREATE TABLE IF NOT EXISTS `community_build_unit` (
  `id` bigint(20) NOT NULL AUTO_INCREMENT COMMENT '单元ID',
  `value` int(5) DEFAULT NULL COMMENT '单元',
  `community_build_id` bigint(20) DEFAULT NULL COMMENT '所属小区楼栋',
  `principal` varchar(50) DEFAULT NULL,
  `principal_phone` varchar(50) DEFAULT NULL,
  PRIMARY KEY (`id`),
  UNIQUE KEY `community_build_id` (`community_build_id`,`value`),
  KEY `FKFDFBEACBA772AAC3` (`community_build_id`),
  KEY `FKFDFBEACB28EDF67C` (`community_build_id`),
  CONSTRAINT `FK_community_build_unit_community_build` FOREIGN KEY (`community_build_id`) REFERENCES `community_build` (`id`)
) ENGINE=InnoDB AUTO_INCREMENT=6 DEFAULT CHARSET=utf8;

-- 正在导出表  community.community_build_unit 的数据：~4 rows (大约)
/*!40000 ALTER TABLE `community_build_unit` DISABLE KEYS */;
REPLACE INTO `community_build_unit` (`id`, `value`, `community_build_id`, `principal`, `principal_phone`) VALUES
	(1, 1, 12, NULL, NULL),
	(2, 2, 12, NULL, NULL),
	(3, 1, 13, NULL, NULL),
	(5, 1, 15, NULL, NULL);
/*!40000 ALTER TABLE `community_build_unit` ENABLE KEYS */;


-- 导出  表 community.community_doorplate 结构
DROP TABLE IF EXISTS `community_doorplate`;
CREATE TABLE IF NOT EXISTS `community_doorplate` (
  `id` bigint(20) NOT NULL AUTO_INCREMENT COMMENT '门牌ID',
  `community_build_unit_id` bigint(20) DEFAULT NULL COMMENT '所属小区单元',
  `doorplate` int(5) DEFAULT NULL COMMENT '门牌号',
  `status` int(1) DEFAULT '0' COMMENT '是否出租房:0非;1是',
  `qrCode` varchar(50) DEFAULT '0',
  PRIMARY KEY (`id`),
  UNIQUE KEY `qrcode` (`qrCode`),
  UNIQUE KEY `doorplate` (`community_build_unit_id`,`doorplate`),
  KEY `FK4BD4EF52EA5694FE` (`community_build_unit_id`),
  KEY `FK4BD4EF52896C520D` (`community_build_unit_id`),
  CONSTRAINT `FK4BD4EF52896C520D` FOREIGN KEY (`community_build_unit_id`) REFERENCES `community_build_unit` (`id`),
  CONSTRAINT `FK_community_doorplate_community_build_unit` FOREIGN KEY (`community_build_unit_id`) REFERENCES `community_build_unit` (`id`)
) ENGINE=InnoDB AUTO_INCREMENT=5 DEFAULT CHARSET=utf8;

-- 正在导出表  community.community_doorplate 的数据：~4 rows (大约)
/*!40000 ALTER TABLE `community_doorplate` DISABLE KEYS */;
REPLACE INTO `community_doorplate` (`id`, `community_build_unit_id`, `doorplate`, `status`, `qrCode`) VALUES
	(1, 1, 101, 1, 'CXSQRK-330108-1-12-1-1'),
	(2, 1, 102, 1, 'CXSQRK-330108-1-12-1-2'),
	(3, 2, 103, 0, 'CXSQRK-330108-1-12-2-3'),
	(4, 2, 104, 1, 'CXSQRK-330108-1-12-2-4');
/*!40000 ALTER TABLE `community_doorplate` ENABLE KEYS */;


-- 导出  表 community.community_room 结构
DROP TABLE IF EXISTS `community_room`;
CREATE TABLE IF NOT EXISTS `community_room` (
  `id` bigint(20) NOT NULL,
  `community_doorplate_id` bigint(20) DEFAULT NULL,
  `room` int(11) DEFAULT NULL,
  `qrCode` varchar(100) DEFAULT NULL,
  PRIMARY KEY (`id`),
  KEY `FK32299371C499D33C` (`community_doorplate_id`),
  CONSTRAINT `FK_community_room_community_doorplate` FOREIGN KEY (`community_doorplate_id`) REFERENCES `community_doorplate` (`id`)
) ENGINE=InnoDB DEFAULT CHARSET=utf8;

-- 正在导出表  community.community_room 的数据：~4 rows (大约)
/*!40000 ALTER TABLE `community_room` DISABLE KEYS */;
REPLACE INTO `community_room` (`id`, `community_doorplate_id`, `room`, `qrCode`) VALUES
	(1, 1, 1, 'CXSQRK-330108-1-12-1-1-1'),
	(2, 1, 0, NULL),
	(3, 1, 2, NULL),
	(4, 1, 3, NULL);
/*!40000 ALTER TABLE `community_room` ENABLE KEYS */;


-- 导出  表 community.lardlord 结构
DROP TABLE IF EXISTS `lardlord`;
CREATE TABLE IF NOT EXISTS `lardlord` (
  `id` bigint(11) NOT NULL AUTO_INCREMENT COMMENT '房东信息ID',
  `name` varchar(50) DEFAULT NULL COMMENT '姓名',
  `sex` varchar(10) DEFAULT '1' COMMENT '性别',
  `community_doorplate_id` bigint(20) DEFAULT NULL COMMENT '门牌号',
  `idCard` varchar(50) DEFAULT NULL COMMENT '公民身份证号码',
  `mz` varchar(50) DEFAULT NULL COMMENT '民族',
  `birth` varchar(50) DEFAULT NULL COMMENT '生日',
  `sign` varchar(50) DEFAULT NULL COMMENT '签发机构',
  `address` varchar(50) DEFAULT NULL COMMENT '身份证住址',
  `DN` varchar(50) DEFAULT NULL COMMENT '身份证DN码',
  `validity` varchar(50) DEFAULT NULL COMMENT '有效期',
  `phone` varchar(50) DEFAULT NULL COMMENT '联系方式',
  `description` varchar(50) DEFAULT NULL COMMENT '描述',
  `bytes` longblob COMMENT '身份证头像',
  `attention` tinyint(4) NOT NULL DEFAULT '1' COMMENT '1为普通 2警戒 3为高危',
  `init_date` datetime DEFAULT NULL COMMENT '初次录入时间',
  `card_pic_before` longblob COMMENT '身份证前照',
  `card_pic_after` longblob COMMENT '身份证背照',
  `status` tinyint(4) DEFAULT '0' COMMENT '1为当前房东',
  `ocr` tinyint(4) DEFAULT '0' COMMENT '1为OCR 0为OTG',
  `last_date` datetime DEFAULT NULL COMMENT '最近更新时间',
  `xzz` varchar(50) DEFAULT NULL COMMENT '现住址',
  PRIMARY KEY (`id`),
  KEY `community_room_id` (`community_doorplate_id`),
  KEY `FKA677CDDCC499D33C` (`community_doorplate_id`),
  CONSTRAINT `FK_lardlord_community_doorplate` FOREIGN KEY (`community_doorplate_id`) REFERENCES `community_doorplate` (`id`)
) ENGINE=InnoDB AUTO_INCREMENT=10 DEFAULT CHARSET=utf8;

-- 正在导出表  community.lardlord 的数据：~2 rows (大约)
/*!40000 ALTER TABLE `lardlord` DISABLE KEYS */;
/*!40000 ALTER TABLE `lardlord` ENABLE KEYS */;


-- 导出  表 community.permission 结构
DROP TABLE IF EXISTS `permission`;
CREATE TABLE IF NOT EXISTS `permission` (
  `ID` bigint(20) NOT NULL DEFAULT '0',
  `CODE` varchar(255) DEFAULT NULL,
  `NAME` varchar(255) DEFAULT NULL,
  `DESCRIPTION` varchar(255) DEFAULT NULL,
  `PARENT_ID` int(11) DEFAULT NULL,
  `SEQ` int(11) DEFAULT NULL,
  PRIMARY KEY (`ID`)
) ENGINE=InnoDB DEFAULT CHARSET=utf8;

-- 正在导出表  community.permission 的数据：~29 rows (大约)
/*!40000 ALTER TABLE `permission` DISABLE KEYS */;
REPLACE INTO `permission` (`ID`, `CODE`, `NAME`, `DESCRIPTION`, `PARENT_ID`, `SEQ`) VALUES
	(100, 'TOP_QXGL', '权限管理', NULL, 0, 0),
	(101, 'SECOND_YHGL', '用户管理', NULL, 100, 1),
	(102, 'SECOND_JSGL', '角色管理', NULL, 100, 2),
	(103, 'SECOND_AQCL', '安全策略', NULL, 100, 3),
	(104, 'SECOND_SQYH', '社区用户', NULL, 100, 4),
	(110, 'TOP_WLGL', '网络管理', NULL, 0, 0),
	(111, 'SECOND_JKGL', '接口管理', NULL, 110, 1),
	(112, 'SECOND_WLCS', '网络测试', NULL, 110, 2),
	(113, 'SECOND_LYGL', '路由管理', NULL, 110, 4),
	(114, 'SECOND_PZGL', '安全配置', NULL, 110, 5),
	(120, 'TOP_XTGL', '系统管理', NULL, 0, 0),
	(121, 'SECOND_PTSM', '平台说明', NULL, 120, 1),
	(122, 'SECOND_PTGL', '平台管理', NULL, 120, 2),
	(123, 'SECOND_ZSGL', '证书管理', NULL, 120, 3),
	(124, 'SECOND_RZXZ', '日志下载', NULL, 120, 4),
	(125, 'SECOND_BBSJ', '版本升级', NULL, 120, 5),
	(130, 'TOP_SJGL', '审计管理', NULL, 0, 0),
	(131, 'SECOND_GLRZ', '管理日志', NULL, 130, 1),
	(140, 'TOP_SQGN', '社区功能', NULL, 0, 0),
	(141, 'SECOND_SQYH', '社区配置', NULL, 140, 1),
	(150, 'TOP_XTPZ', '系统配置', NULL, 0, 0),
	(151, 'SECOND_RZZJ', '日志主机', NULL, 150, 1),
	(160, 'TOP_JKGL', '监控管理', NULL, 0, 0),
	(161, 'SECOND_ZJJK', '主机监控', NULL, 160, 1),
	(170, 'TOP_SQGL', '社区管理', NULL, 0, 0),
	(171, 'SECOND_YHXX', '社区用户', NULL, 170, 1),
	(180, 'TOP_BBGL', '版本管理', NULL, 0, 0),
	(181, 'SECOND_ZDBB', '终端版本', NULL, 180, 1),
	(182, 'SECOND_FWBB', '服务版本', NULL, 180, 2);
/*!40000 ALTER TABLE `permission` ENABLE KEYS */;


-- 导出  表 community.region 结构
DROP TABLE IF EXISTS `region`;
CREATE TABLE IF NOT EXISTS `region` (
  `REGION_ID` bigint(11) NOT NULL,
  `REGION_CODE` varchar(100) NOT NULL,
  `REGION_NAME` varchar(100) NOT NULL,
  `PARENT_ID` bigint(11) NOT NULL,
  `REGION_NAME_EN` varchar(100) NOT NULL,
  PRIMARY KEY (`REGION_ID`),
  KEY `FKC84826F427D9C48F` (`REGION_ID`),
  CONSTRAINT `FKC84826F427D9C48F` FOREIGN KEY (`REGION_ID`) REFERENCES `region` (`REGION_ID`)
) ENGINE=InnoDB DEFAULT CHARSET=utf8;

-- 正在导出表  community.region 的数据：~3,525 rows (大约)
/*!40000 ALTER TABLE `region` DISABLE KEYS */;
REPLACE INTO `region` (`REGION_ID`, `REGION_CODE`, `REGION_NAME`, `PARENT_ID`, `REGION_NAME_EN`) VALUES
	(1, '中国', '中国', 1, 'Zhong Guo'),
	(2, '110000', '北京市', 1, 'Beijing Shi'),
	(3, '120000', '天津市', 1, 'Tianjin Shi'),
	(4, '130000', '河北省', 1, 'Hebei Sheng'),
	(5, '140000', '山西省', 1, 'Shanxi Sheng '),
	(6, '150000', '内蒙古自治区', 1, 'Nei Mongol Zizhiqu'),
	(7, '210000', '辽宁省', 1, 'Liaoning Sheng'),
	(8, '220000', '吉林省', 1, 'Jilin Sheng'),
	(9, '230000', '黑龙江省', 1, 'Heilongjiang Sheng'),
	(10, '310000', '上海市', 1, 'Shanghai Shi'),
	(11, '320000', '江苏省', 1, 'Jiangsu Sheng'),
	(12, '330000', '浙江省', 1, 'Zhejiang Sheng'),
	(13, '340000', '安徽省', 1, 'Anhui Sheng'),
	(14, '350000', '福建省', 1, 'Fujian Sheng '),
	(15, '360000', '江西省', 1, 'Jiangxi Sheng'),
	(16, '370000', '山东省', 1, 'Shandong Sheng '),
	(17, '410000', '河南省', 1, 'Henan Sheng'),
	(18, '420000', '湖北省', 1, 'Hubei Sheng'),
	(19, '430000', '湖南省', 1, 'Hunan Sheng'),
	(20, '440000', '广东省', 1, 'Guangdong Sheng'),
	(21, '450000', '广西壮族自治区', 1, 'Guangxi Zhuangzu Zizhiqu'),
	(22, '460000', '海南省', 1, 'Hainan Sheng'),
	(23, '500000', '重庆市', 1, 'Chongqing Shi'),
	(24, '510000', '四川省', 1, 'Sichuan Sheng'),
	(25, '520000', '贵州省', 1, 'Guizhou Sheng'),
	(26, '530000', '云南省', 1, 'Yunnan Sheng'),
	(27, '540000', '西藏自治区', 1, 'Xizang Zizhiqu'),
	(28, '610000', '陕西省', 1, 'Shanxi Sheng '),
	(29, '620000', '甘肃省', 1, 'Gansu Sheng'),
	(30, '630000', '青海省', 1, 'Qinghai Sheng'),
	(31, '640000', '宁夏回族自治区', 1, 'Ningxia Huizu Zizhiqu'),
	(32, '650000', '新疆维吾尔自治区', 1, 'Xinjiang Uygur Zizhiqu'),
	(33, '110100', '市辖区', 2, 'Shixiaqu'),
	(34, '110200', '县', 2, 'Xian'),
	(35, '120100', '市辖区', 3, 'Shixiaqu'),
	(36, '120200', '县', 3, 'Xian'),
	(37, '130100', '石家庄市', 4, 'Shijiazhuang Shi'),
	(38, '130200', '唐山市', 4, 'Tangshan Shi'),
	(39, '130300', '秦皇岛市', 4, 'Qinhuangdao Shi'),
	(40, '130400', '邯郸市', 4, 'Handan Shi'),
	(41, '130500', '邢台市', 4, 'Xingtai Shi'),
	(42, '130600', '保定市', 4, 'Baoding Shi'),
	(43, '130700', '张家口市', 4, 'Zhangjiakou Shi '),
	(44, '130800', '承德市', 4, 'Chengde Shi'),
	(45, '130900', '沧州市', 4, 'Cangzhou Shi'),
	(46, '131000', '廊坊市', 4, 'Langfang Shi'),
	(47, '131100', '衡水市', 4, 'Hengshui Shi '),
	(48, '140100', '太原市', 5, 'Taiyuan Shi'),
	(49, '140200', '大同市', 5, 'Datong Shi '),
	(50, '140300', '阳泉市', 5, 'Yangquan Shi'),
	(51, '140400', '长治市', 5, 'Changzhi Shi'),
	(52, '140500', '晋城市', 5, 'Jincheng Shi '),
	(53, '140600', '朔州市', 5, 'Shuozhou Shi '),
	(54, '140700', '晋中市', 5, 'Jinzhong Shi'),
	(55, '140800', '运城市', 5, 'Yuncheng Shi'),
	(56, '140900', '忻州市', 5, 'Xinzhou Shi'),
	(57, '141000', '临汾市', 5, 'Linfen Shi'),
	(58, '141100', '吕梁市', 5, 'Lvliang Shi'),
	(59, '150100', '呼和浩特市', 6, 'Hohhot Shi'),
	(60, '150200', '包头市', 6, 'Baotou Shi '),
	(61, '150300', '乌海市', 6, 'Wuhai Shi'),
	(62, '150400', '赤峰市', 6, 'Chifeng (Ulanhad)Shi'),
	(63, '150500', '通辽市', 6, 'Tongliao Shi'),
	(64, '150600', '鄂尔多斯市', 6, 'Eerduosi Shi'),
	(65, '150700', '呼伦贝尔市', 6, 'Hulunbeier Shi '),
	(66, '150800', '巴彦淖尔市', 6, 'Bayannaoer Shi'),
	(67, '150900', '乌兰察布市', 6, 'Wulanchabu Shi'),
	(68, '152200', '兴安盟', 6, 'Hinggan Meng'),
	(69, '152500', '锡林郭勒盟', 6, 'Xilin Gol Meng'),
	(70, '152900', '阿拉善盟', 6, 'Alxa Meng'),
	(71, '210100', '沈阳市', 7, 'Shenyang Shi'),
	(72, '210200', '大连市', 7, 'Dalian Shi'),
	(73, '210300', '鞍山市', 7, 'AnShan Shi'),
	(74, '210400', '抚顺市', 7, 'Fushun Shi'),
	(75, '210500', '本溪市', 7, 'Benxi Shi'),
	(76, '210600', '丹东市', 7, 'Dandong Shi'),
	(77, '210700', '锦州市', 7, 'Jinzhou Shi'),
	(78, '210800', '营口市', 7, 'Yingkou Shi'),
	(79, '210900', '阜新市', 7, 'Fuxin Shi'),
	(80, '211000', '辽阳市', 7, 'Liaoyang Shi'),
	(81, '211100', '盘锦市', 7, 'Panjin Shi'),
	(82, '211200', '铁岭市', 7, 'Tieling Shi'),
	(83, '211300', '朝阳市', 7, 'Chaoyang Shi'),
	(84, '211400', '葫芦岛市', 7, 'Huludao Shi'),
	(85, '220100', '长春市', 8, 'Changchun Shi '),
	(86, '220200', '吉林市', 8, 'Jilin Shi '),
	(87, '220300', '四平市', 8, 'Siping Shi'),
	(88, '220400', '辽源市', 8, 'Liaoyuan Shi'),
	(89, '220500', '通化市', 8, 'Tonghua Shi'),
	(90, '220600', '白山市', 8, 'Baishan Shi'),
	(91, '220700', '松原市', 8, 'Songyuan Shi'),
	(92, '220800', '白城市', 8, 'Baicheng Shi'),
	(93, '222400', '延边朝鲜族自治州', 8, 'Yanbian Chosenzu Zizhizhou'),
	(94, '230100', '哈尔滨市', 9, 'Harbin Shi'),
	(95, '230200', '齐齐哈尔市', 9, 'Qiqihar Shi'),
	(96, '230300', '鸡西市', 9, 'Jixi Shi'),
	(97, '230400', '鹤岗市', 9, 'Hegang Shi'),
	(98, '230500', '双鸭山市', 9, 'Shuangyashan Shi'),
	(99, '230600', '大庆市', 9, 'Daqing Shi'),
	(100, '230700', '伊春市', 9, 'Yichun Shi'),
	(101, '230800', '佳木斯市', 9, 'Jiamusi Shi'),
	(102, '230900', '七台河市', 9, 'Qitaihe Shi'),
	(103, '231000', '牡丹江市', 9, 'Mudanjiang Shi'),
	(104, '231100', '黑河市', 9, 'Heihe Shi'),
	(105, '231200', '绥化市', 9, 'Suihua Shi'),
	(106, '232700', '大兴安岭地区', 9, 'Da Hinggan Ling Diqu'),
	(107, '310100', '市辖区', 10, 'Shixiaqu'),
	(108, '310200', '县', 10, 'Xian'),
	(109, '320100', '南京市', 11, 'Nanjing Shi'),
	(110, '320200', '无锡市', 11, 'Wuxi Shi'),
	(111, '320300', '徐州市', 11, 'Xuzhou Shi'),
	(112, '320400', '常州市', 11, 'Changzhou Shi'),
	(113, '320500', '苏州市', 11, 'Suzhou Shi'),
	(114, '320600', '南通市', 11, 'Nantong Shi'),
	(115, '320700', '连云港市', 11, 'Lianyungang Shi'),
	(116, '320800', '淮安市', 11, 'Huai,an Xian'),
	(117, '320900', '盐城市', 11, 'Yancheng Shi'),
	(118, '321000', '扬州市', 11, 'Yangzhou Shi'),
	(119, '321100', '镇江市', 11, 'Zhenjiang Shi'),
	(120, '321200', '泰州市', 11, 'Taizhou Shi'),
	(121, '321300', '宿迁市', 11, 'Suqian Shi'),
	(122, '330100', '杭州市', 12, 'Hangzhou Shi'),
	(123, '330200', '宁波市', 12, 'Ningbo Shi'),
	(124, '330300', '温州市', 12, 'Wenzhou Shi'),
	(125, '330400', '嘉兴市', 12, 'Jiaxing Shi'),
	(126, '330500', '湖州市', 12, 'Huzhou Shi '),
	(127, '330600', '绍兴市', 12, 'Shaoxing Shi'),
	(128, '330700', '金华市', 12, 'Jinhua Shi'),
	(129, '330800', '衢州市', 12, 'Quzhou Shi'),
	(130, '330900', '舟山市', 12, 'Zhoushan Shi'),
	(131, '331000', '台州市', 12, 'Taizhou Shi'),
	(132, '331100', '丽水市', 12, 'Lishui Shi'),
	(133, '340100', '合肥市', 13, 'Hefei Shi'),
	(134, '340200', '芜湖市', 13, 'Wuhu Shi'),
	(135, '340300', '蚌埠市', 13, 'Bengbu Shi'),
	(136, '340400', '淮南市', 13, 'Huainan Shi'),
	(137, '340500', '马鞍山市', 13, 'Ma,anshan Shi'),
	(138, '340600', '淮北市', 13, 'Huaibei Shi'),
	(139, '340700', '铜陵市', 13, 'Tongling Shi'),
	(140, '340800', '安庆市', 13, 'Anqing Shi'),
	(141, '341000', '黄山市', 13, 'Huangshan Shi'),
	(142, '341100', '滁州市', 13, 'Chuzhou Shi'),
	(143, '341200', '阜阳市', 13, 'Fuyang Shi'),
	(144, '341300', '宿州市', 13, 'Suzhou Shi'),
	(145, '341400', '巢湖市', 13, 'Chaohu Shi'),
	(146, '341500', '六安市', 13, 'Liu,an Shi'),
	(147, '341600', '亳州市', 13, 'Bozhou Shi'),
	(148, '341700', '池州市', 13, 'Chizhou Shi'),
	(149, '341800', '宣城市', 13, 'Xuancheng Shi'),
	(150, '350100', '福州市', 14, 'Fuzhou Shi'),
	(151, '350200', '厦门市', 14, 'Xiamen Shi'),
	(152, '350300', '莆田市', 14, 'Putian Shi'),
	(153, '350400', '三明市', 14, 'Sanming Shi'),
	(154, '350500', '泉州市', 14, 'Quanzhou Shi'),
	(155, '350600', '漳州市', 14, 'Zhangzhou Shi'),
	(156, '350700', '南平市', 14, 'Nanping Shi'),
	(157, '350800', '龙岩市', 14, 'Longyan Shi'),
	(158, '350900', '宁德市', 14, 'Ningde Shi'),
	(159, '360100', '南昌市', 15, 'Nanchang Shi'),
	(160, '360200', '景德镇市', 15, 'Jingdezhen Shi'),
	(161, '360300', '萍乡市', 15, 'Pingxiang Shi'),
	(162, '360400', '九江市', 15, 'Jiujiang Shi'),
	(163, '360500', '新余市', 15, 'Xinyu Shi'),
	(164, '360600', '鹰潭市', 15, 'Yingtan Shi'),
	(165, '360700', '赣州市', 15, 'Ganzhou Shi'),
	(166, '360800', '吉安市', 15, 'Ji,an Shi'),
	(167, '360900', '宜春市', 15, 'Yichun Shi'),
	(168, '361000', '抚州市', 15, 'Wuzhou Shi'),
	(169, '361100', '上饶市', 15, 'Shangrao Shi'),
	(170, '370100', '济南市', 16, 'Jinan Shi'),
	(171, '370200', '青岛市', 16, 'Qingdao Shi'),
	(172, '370300', '淄博市', 16, 'Zibo Shi'),
	(173, '370400', '枣庄市', 16, 'Zaozhuang Shi'),
	(174, '370500', '东营市', 16, 'Dongying Shi'),
	(175, '370600', '烟台市', 16, 'Yantai Shi'),
	(176, '370700', '潍坊市', 16, 'Weifang Shi'),
	(177, '370800', '济宁市', 16, 'Jining Shi'),
	(178, '370900', '泰安市', 16, 'Tai,an Shi'),
	(179, '371000', '威海市', 16, 'Weihai Shi'),
	(180, '371100', '日照市', 16, 'Rizhao Shi'),
	(181, '371200', '莱芜市', 16, 'Laiwu Shi'),
	(182, '371300', '临沂市', 16, 'Linyi Shi'),
	(183, '371400', '德州市', 16, 'Dezhou Shi'),
	(184, '371500', '聊城市', 16, 'Liaocheng Shi'),
	(185, '371600', '滨州市', 16, 'Binzhou Shi'),
	(186, '371700', '菏泽市', 16, 'Heze Shi'),
	(187, '410100', '郑州市', 17, 'Zhengzhou Shi'),
	(188, '410200', '开封市', 17, 'Kaifeng Shi'),
	(189, '410300', '洛阳市', 17, 'Luoyang Shi'),
	(190, '410400', '平顶山市', 17, 'Pingdingshan Shi'),
	(191, '410500', '安阳市', 17, 'Anyang Shi'),
	(192, '410600', '鹤壁市', 17, 'Hebi Shi'),
	(193, '410700', '新乡市', 17, 'Xinxiang Shi'),
	(194, '410800', '焦作市', 17, 'Jiaozuo Shi'),
	(195, '410900', '濮阳市', 17, 'Puyang Shi'),
	(196, '411000', '许昌市', 17, 'Xuchang Shi'),
	(197, '411100', '漯河市', 17, 'Luohe Shi'),
	(198, '411200', '三门峡市', 17, 'Sanmenxia Shi'),
	(199, '411300', '南阳市', 17, 'Nanyang Shi'),
	(200, '411400', '商丘市', 17, 'Shangqiu Shi'),
	(201, '411500', '信阳市', 17, 'Xinyang Shi'),
	(202, '411600', '周口市', 17, 'Zhoukou Shi'),
	(203, '411700', '驻马店市', 17, 'Zhumadian Shi'),
	(204, '420100', '武汉市', 18, 'Wuhan Shi'),
	(205, '420200', '黄石市', 18, 'Huangshi Shi'),
	(206, '420300', '十堰市', 18, 'Shiyan Shi'),
	(207, '420500', '宜昌市', 18, 'Yichang Shi'),
	(208, '420600', '襄樊市', 18, 'Xiangfan Shi'),
	(209, '420700', '鄂州市', 18, 'Ezhou Shi'),
	(210, '420800', '荆门市', 18, 'Jingmen Shi'),
	(211, '420900', '孝感市', 18, 'Xiaogan Shi'),
	(212, '421000', '荆州市', 18, 'Jingzhou Shi'),
	(213, '421100', '黄冈市', 18, 'Huanggang Shi'),
	(214, '421200', '咸宁市', 18, 'Xianning Xian'),
	(215, '421300', '随州市', 18, 'Suizhou Shi'),
	(216, '422800', '恩施土家族苗族自治州', 18, 'Enshi Tujiazu Miaozu Zizhizhou'),
	(217, '429000', '省直辖县级行政区划', 18, 'shengzhixiaxianjixingzhengquhua'),
	(218, '430100', '长沙市', 19, 'Changsha Shi'),
	(219, '430200', '株洲市', 19, 'Zhuzhou Shi'),
	(220, '430300', '湘潭市', 19, 'Xiangtan Shi'),
	(221, '430400', '衡阳市', 19, 'Hengyang Shi'),
	(222, '430500', '邵阳市', 19, 'Shaoyang Shi'),
	(223, '430600', '岳阳市', 19, 'Yueyang Shi'),
	(224, '430700', '常德市', 19, 'Changde Shi'),
	(225, '430800', '张家界市', 19, 'Zhangjiajie Shi'),
	(226, '430900', '益阳市', 19, 'Yiyang Shi'),
	(227, '431000', '郴州市', 19, 'Chenzhou Shi'),
	(228, '431100', '永州市', 19, 'Yongzhou Shi'),
	(229, '431200', '怀化市', 19, 'Huaihua Shi'),
	(230, '431300', '娄底市', 19, 'Loudi Shi'),
	(231, '433100', '湘西土家族苗族自治州', 19, 'Xiangxi Tujiazu Miaozu Zizhizhou '),
	(232, '440100', '广州市', 20, 'Guangzhou Shi'),
	(233, '440200', '韶关市', 20, 'Shaoguan Shi'),
	(234, '440300', '深圳市', 20, 'Shenzhen Shi'),
	(235, '440400', '珠海市', 20, 'Zhuhai Shi'),
	(236, '440500', '汕头市', 20, 'Shantou Shi'),
	(237, '440600', '佛山市', 20, 'Foshan Shi'),
	(238, '440700', '江门市', 20, 'Jiangmen Shi'),
	(239, '440800', '湛江市', 20, 'Zhanjiang Shi'),
	(240, '440900', '茂名市', 20, 'Maoming Shi'),
	(241, '441200', '肇庆市', 20, 'Zhaoqing Shi'),
	(242, '441300', '惠州市', 20, 'Huizhou Shi'),
	(243, '441400', '梅州市', 20, 'Meizhou Shi'),
	(244, '441500', '汕尾市', 20, 'Shanwei Shi'),
	(245, '441600', '河源市', 20, 'Heyuan Shi'),
	(246, '441700', '阳江市', 20, 'Yangjiang Shi'),
	(247, '441800', '清远市', 20, 'Qingyuan Shi'),
	(248, '441900', '东莞市', 20, 'Dongguan Shi'),
	(249, '442000', '中山市', 20, 'Zhongshan Shi'),
	(250, '445100', '潮州市', 20, 'Chaozhou Shi'),
	(251, '445200', '揭阳市', 20, 'Jieyang Shi'),
	(252, '445300', '云浮市', 20, 'Yunfu Shi'),
	(253, '450100', '南宁市', 21, 'Nanning Shi'),
	(254, '450200', '柳州市', 21, 'Liuzhou Shi'),
	(255, '450300', '桂林市', 21, 'Guilin Shi'),
	(256, '450400', '梧州市', 21, 'Wuzhou Shi'),
	(257, '450500', '北海市', 21, 'Beihai Shi'),
	(258, '450600', '防城港市', 21, 'Fangchenggang Shi'),
	(259, '450700', '钦州市', 21, 'Qinzhou Shi'),
	(260, '450800', '贵港市', 21, 'Guigang Shi'),
	(261, '450900', '玉林市', 21, 'Yulin Shi'),
	(262, '451000', '百色市', 21, 'Baise Shi'),
	(263, '451100', '贺州市', 21, 'Hezhou Shi'),
	(264, '451200', '河池市', 21, 'Hechi Shi'),
	(265, '451300', '来宾市', 21, 'Laibin Shi'),
	(266, '451400', '崇左市', 21, 'Chongzuo Shi'),
	(267, '460100', '海口市', 22, 'Haikou Shi'),
	(268, '460200', '三亚市', 22, 'Sanya Shi'),
	(269, '469000', '省直辖县级行政区划', 22, 'shengzhixiaxianjixingzhengquhua'),
	(270, '500100', '市辖区', 23, 'Shixiaqu'),
	(271, '500200', '县', 23, 'Xian'),
	(273, '510100', '成都市', 24, 'Chengdu Shi'),
	(274, '510300', '自贡市', 24, 'Zigong Shi'),
	(275, '510400', '攀枝花市', 24, 'Panzhihua Shi'),
	(276, '510500', '泸州市', 24, 'Luzhou Shi'),
	(277, '510600', '德阳市', 24, 'Deyang Shi'),
	(278, '510700', '绵阳市', 24, 'Mianyang Shi'),
	(279, '510800', '广元市', 24, 'Guangyuan Shi'),
	(280, '510900', '遂宁市', 24, 'Suining Shi'),
	(281, '511000', '内江市', 24, 'Neijiang Shi'),
	(282, '511100', '乐山市', 24, 'Leshan Shi'),
	(283, '511300', '南充市', 24, 'Nanchong Shi'),
	(284, '511400', '眉山市', 24, 'Meishan Shi'),
	(285, '511500', '宜宾市', 24, 'Yibin Shi'),
	(286, '511600', '广安市', 24, 'Guang,an Shi'),
	(287, '511700', '达州市', 24, 'Dazhou Shi'),
	(288, '511800', '雅安市', 24, 'Ya,an Shi'),
	(289, '511900', '巴中市', 24, 'Bazhong Shi'),
	(290, '512000', '资阳市', 24, 'Ziyang Shi'),
	(291, '513200', '阿坝藏族羌族自治州', 24, 'Aba(Ngawa) Zangzu Qiangzu Zizhizhou'),
	(292, '513300', '甘孜藏族自治州', 24, 'Garze Zangzu Zizhizhou'),
	(293, '513400', '凉山彝族自治州', 24, 'Liangshan Yizu Zizhizhou'),
	(294, '520100', '贵阳市', 25, 'Guiyang Shi'),
	(295, '520200', '六盘水市', 25, 'Liupanshui Shi'),
	(296, '520300', '遵义市', 25, 'Zunyi Shi'),
	(297, '520400', '安顺市', 25, 'Anshun Xian'),
	(298, '522200', '铜仁地区', 25, 'Tongren Diqu'),
	(299, '522300', '黔西南布依族苗族自治州', 25, 'Qianxinan Buyeizu Zizhizhou'),
	(300, '522400', '毕节地区', 25, 'Bijie Diqu'),
	(301, '522600', '黔东南苗族侗族自治州', 25, 'Qiandongnan Miaozu Dongzu Zizhizhou'),
	(302, '522700', '黔南布依族苗族自治州', 25, 'Qiannan Buyeizu Miaozu Zizhizhou'),
	(303, '530100', '昆明市', 26, 'Kunming Shi'),
	(304, '530300', '曲靖市', 26, 'Qujing Shi'),
	(305, '530400', '玉溪市', 26, 'Yuxi Shi'),
	(306, '530500', '保山市', 26, 'Baoshan Shi'),
	(307, '530600', '昭通市', 26, 'Zhaotong Shi'),
	(308, '530700', '丽江市', 26, 'Lijiang Shi'),
	(309, '530800', '普洱市', 26, 'Simao Shi'),
	(310, '530900', '临沧市', 26, 'Lincang Shi'),
	(311, '532300', '楚雄彝族自治州', 26, 'Chuxiong Yizu Zizhizhou'),
	(312, '532500', '红河哈尼族彝族自治州', 26, 'Honghe Hanizu Yizu Zizhizhou'),
	(313, '532600', '文山壮族苗族自治州', 26, 'Wenshan Zhuangzu Miaozu Zizhizhou'),
	(314, '532800', '西双版纳傣族自治州', 26, 'Xishuangbanna Daizu Zizhizhou'),
	(315, '532900', '大理白族自治州', 26, 'Dali Baizu Zizhizhou'),
	(316, '533100', '德宏傣族景颇族自治州', 26, 'Dehong Daizu Jingpozu Zizhizhou'),
	(317, '533300', '怒江傈僳族自治州', 26, 'Nujiang Lisuzu Zizhizhou'),
	(318, '533400', '迪庆藏族自治州', 26, 'Deqen Zangzu Zizhizhou'),
	(319, '540100', '拉萨市', 27, 'Lhasa Shi'),
	(320, '542100', '昌都地区', 27, 'Qamdo Diqu'),
	(321, '542200', '山南地区', 27, 'Shannan Diqu'),
	(322, '542300', '日喀则地区', 27, 'Xigaze Diqu'),
	(323, '542400', '那曲地区', 27, 'Nagqu Diqu'),
	(324, '542500', '阿里地区', 27, 'Ngari Diqu'),
	(325, '542600', '林芝地区', 27, 'Nyingchi Diqu'),
	(326, '610100', '西安市', 28, 'Xi,an Shi'),
	(327, '610200', '铜川市', 28, 'Tongchuan Shi'),
	(328, '610300', '宝鸡市', 28, 'Baoji Shi'),
	(329, '610400', '咸阳市', 28, 'Xianyang Shi'),
	(330, '610500', '渭南市', 28, 'Weinan Shi'),
	(331, '610600', '延安市', 28, 'Yan,an Shi'),
	(332, '610700', '汉中市', 28, 'Hanzhong Shi'),
	(333, '610800', '榆林市', 28, 'Yulin Shi'),
	(334, '610900', '安康市', 28, 'Ankang Shi'),
	(335, '611000', '商洛市', 28, 'Shangluo Shi'),
	(336, '620100', '兰州市', 29, 'Lanzhou Shi'),
	(337, '620200', '嘉峪关市', 29, 'Jiayuguan Shi'),
	(338, '620300', '金昌市', 29, 'Jinchang Shi'),
	(339, '620400', '白银市', 29, 'Baiyin Shi'),
	(340, '620500', '天水市', 29, 'Tianshui Shi'),
	(341, '620600', '武威市', 29, 'Wuwei Shi'),
	(342, '620700', '张掖市', 29, 'Zhangye Shi'),
	(343, '620800', '平凉市', 29, 'Pingliang Shi'),
	(344, '620900', '酒泉市', 29, 'Jiuquan Shi'),
	(345, '621000', '庆阳市', 29, 'Qingyang Shi'),
	(346, '621100', '定西市', 29, 'Dingxi Shi'),
	(347, '621200', '陇南市', 29, 'Longnan Shi'),
	(348, '622900', '临夏回族自治州', 29, 'Linxia Huizu Zizhizhou '),
	(349, '623000', '甘南藏族自治州', 29, 'Gannan Zangzu Zizhizhou'),
	(350, '630100', '西宁市', 30, 'Xining Shi'),
	(351, '632100', '海东地区', 30, 'Haidong Diqu'),
	(352, '632200', '海北藏族自治州', 30, 'Haibei Zangzu Zizhizhou'),
	(353, '632300', '黄南藏族自治州', 30, 'Huangnan Zangzu Zizhizhou'),
	(354, '632500', '海南藏族自治州', 30, 'Hainan Zangzu Zizhizhou'),
	(355, '632600', '果洛藏族自治州', 30, 'Golog Zangzu Zizhizhou'),
	(356, '632700', '玉树藏族自治州', 30, 'Yushu Zangzu Zizhizhou'),
	(357, '632800', '海西蒙古族藏族自治州', 30, 'Haixi Mongolzu Zangzu Zizhizhou'),
	(358, '640100', '银川市', 31, 'Yinchuan Shi'),
	(359, '640200', '石嘴山市', 31, 'Shizuishan Shi'),
	(360, '640300', '吴忠市', 31, 'Wuzhong Shi'),
	(361, '640400', '固原市', 31, 'Guyuan Shi'),
	(362, '640500', '中卫市', 31, 'Zhongwei Shi'),
	(363, '650100', '乌鲁木齐市', 32, 'Urumqi Shi'),
	(364, '650200', '克拉玛依市', 32, 'Karamay Shi'),
	(365, '652100', '吐鲁番地区', 32, 'Turpan Diqu'),
	(366, '652200', '哈密地区', 32, 'Hami(kumul) Diqu'),
	(367, '652300', '昌吉回族自治州', 32, 'Changji Huizu Zizhizhou'),
	(368, '652700', '博尔塔拉蒙古自治州', 32, 'Bortala Monglo Zizhizhou'),
	(369, '652800', '巴音郭楞蒙古自治州', 32, 'bayinguolengmengguzizhizhou'),
	(370, '652900', '阿克苏地区', 32, 'Aksu Diqu'),
	(371, '653000', '克孜勒苏柯尔克孜自治州', 32, 'Kizilsu Kirgiz Zizhizhou'),
	(372, '653100', '喀什地区', 32, 'Kashi(Kaxgar) Diqu'),
	(373, '653200', '和田地区', 32, 'Hotan Diqu'),
	(374, '654000', '伊犁哈萨克自治州', 32, 'Ili Kazak Zizhizhou'),
	(375, '654200', '塔城地区', 32, 'Tacheng(Qoqek) Diqu'),
	(376, '654300', '阿勒泰地区', 32, 'Altay Diqu'),
	(377, '659000', '自治区直辖县级行政区划', 32, 'zizhiquzhixiaxianjixingzhengquhua'),
	(378, '110101', '东城区', 33, 'Dongcheng Qu'),
	(379, '110102', '西城区', 33, 'Xicheng Qu'),
	(382, '110105', '朝阳区', 33, 'Chaoyang Qu'),
	(383, '110106', '丰台区', 33, 'Fengtai Qu'),
	(384, '110107', '石景山区', 33, 'Shijingshan Qu'),
	(385, '110108', '海淀区', 33, 'Haidian Qu'),
	(386, '110109', '门头沟区', 33, 'Mentougou Qu'),
	(387, '110111', '房山区', 33, 'Fangshan Qu'),
	(388, '110112', '通州区', 33, 'Tongzhou Qu'),
	(389, '110113', '顺义区', 33, 'Shunyi Qu'),
	(390, '110114', '昌平区', 33, 'Changping Qu'),
	(391, '110115', '大兴区', 33, 'Daxing Qu'),
	(392, '110116', '怀柔区', 33, 'Huairou Qu'),
	(393, '110117', '平谷区', 33, 'Pinggu Qu'),
	(394, '110228', '密云县', 34, 'Miyun Xian '),
	(395, '110229', '延庆县', 34, 'Yanqing Xian'),
	(396, '120101', '和平区', 35, 'Heping Qu'),
	(397, '120102', '河东区', 35, 'Hedong Qu'),
	(398, '120103', '河西区', 35, 'Hexi Qu'),
	(399, '120104', '南开区', 35, 'Nankai Qu'),
	(400, '120105', '河北区', 35, 'Hebei Qu'),
	(401, '120106', '红桥区', 35, 'Hongqiao Qu'),
	(404, '120116', '滨海新区', 35, 'Dagang Qu'),
	(405, '120110', '东丽区', 35, 'Dongli Qu'),
	(406, '120111', '西青区', 35, 'Xiqing Qu'),
	(407, '120112', '津南区', 35, 'Jinnan Qu'),
	(408, '120113', '北辰区', 35, 'Beichen Qu'),
	(409, '120114', '武清区', 35, 'Wuqing Qu'),
	(410, '120115', '宝坻区', 35, 'Baodi Qu'),
	(411, '120221', '宁河县', 36, 'Ninghe Xian'),
	(412, '120223', '静海县', 36, 'Jinghai Xian'),
	(413, '120225', '蓟县', 36, 'Ji Xian'),
	(414, '130101', '市辖区', 37, 'Shixiaqu'),
	(415, '130102', '长安区', 37, 'Chang,an Qu'),
	(416, '130103', '桥东区', 37, 'Qiaodong Qu'),
	(417, '130104', '桥西区', 37, 'Qiaoxi Qu'),
	(418, '130105', '新华区', 37, 'Xinhua Qu'),
	(419, '130107', '井陉矿区', 37, 'Jingxing Kuangqu'),
	(420, '130108', '裕华区', 37, 'Yuhua Qu'),
	(421, '130121', '井陉县', 37, 'Jingxing Xian'),
	(422, '130123', '正定县', 37, 'Zhengding Xian'),
	(423, '130124', '栾城县', 37, 'Luancheng Xian'),
	(424, '130125', '行唐县', 37, 'Xingtang Xian'),
	(425, '130126', '灵寿县', 37, 'Lingshou Xian '),
	(426, '130127', '高邑县', 37, 'Gaoyi Xian'),
	(427, '130128', '深泽县', 37, 'Shenze Xian'),
	(428, '130129', '赞皇县', 37, 'Zanhuang Xian'),
	(429, '130130', '无极县', 37, 'Wuji Xian'),
	(430, '130131', '平山县', 37, 'Pingshan Xian'),
	(431, '130132', '元氏县', 37, 'Yuanshi Xian'),
	(432, '130133', '赵县', 37, 'Zhao Xian'),
	(433, '130181', '辛集市', 37, 'Xinji Shi'),
	(434, '130182', '藁城市', 37, 'Gaocheng Shi'),
	(435, '130183', '晋州市', 37, 'Jinzhou Shi'),
	(436, '130184', '新乐市', 37, 'Xinle Shi'),
	(437, '130185', '鹿泉市', 37, 'Luquan Shi'),
	(438, '130201', '市辖区', 38, 'Shixiaqu'),
	(439, '130202', '路南区', 38, 'Lunan Qu'),
	(440, '130203', '路北区', 38, 'Lubei Qu'),
	(441, '130204', '古冶区', 38, 'Guye Qu'),
	(442, '130205', '开平区', 38, 'Kaiping Qu'),
	(443, '130207', '丰南区', 38, 'Fengnan Qu'),
	(444, '130208', '丰润区', 38, 'Fengrun Qu'),
	(445, '130223', '滦县', 38, 'Luan Xian'),
	(446, '130224', '滦南县', 38, 'Luannan Xian'),
	(447, '130225', '乐亭县', 38, 'Leting Xian'),
	(448, '130227', '迁西县', 38, 'Qianxi Xian'),
	(449, '130229', '玉田县', 38, 'Yutian Xian'),
	(450, '130230', '唐海县', 38, 'Tanghai Xian '),
	(451, '130281', '遵化市', 38, 'Zunhua Shi'),
	(452, '130283', '迁安市', 38, 'Qian,an Shi'),
	(453, '130301', '市辖区', 39, 'Shixiaqu'),
	(454, '130302', '海港区', 39, 'Haigang Qu'),
	(455, '130303', '山海关区', 39, 'Shanhaiguan Qu'),
	(456, '130304', '北戴河区', 39, 'Beidaihe Qu'),
	(457, '130321', '青龙满族自治县', 39, 'Qinglong Manzu Zizhixian'),
	(458, '130322', '昌黎县', 39, 'Changli Xian'),
	(459, '130323', '抚宁县', 39, 'Funing Xian '),
	(460, '130324', '卢龙县', 39, 'Lulong Xian'),
	(461, '130401', '市辖区', 40, 'Shixiaqu'),
	(462, '130402', '邯山区', 40, 'Hanshan Qu'),
	(463, '130403', '丛台区', 40, 'Congtai Qu'),
	(464, '130404', '复兴区', 40, 'Fuxing Qu'),
	(465, '130406', '峰峰矿区', 40, 'Fengfeng Kuangqu'),
	(466, '130421', '邯郸县', 40, 'Handan Xian '),
	(467, '130423', '临漳县', 40, 'Linzhang Xian '),
	(468, '130424', '成安县', 40, 'Cheng,an Xian'),
	(469, '130425', '大名县', 40, 'Daming Xian'),
	(470, '130426', '涉县', 40, 'She Xian'),
	(471, '130427', '磁县', 40, 'Ci Xian'),
	(472, '130428', '肥乡县', 40, 'Feixiang Xian'),
	(473, '130429', '永年县', 40, 'Yongnian Xian'),
	(474, '130430', '邱县', 40, 'Qiu Xian'),
	(475, '130431', '鸡泽县', 40, 'Jize Xian'),
	(476, '130432', '广平县', 40, 'Guangping Xian '),
	(477, '130433', '馆陶县', 40, 'Guantao Xian'),
	(478, '130434', '魏县', 40, 'Wei Xian '),
	(479, '130435', '曲周县', 40, 'Quzhou Xian '),
	(480, '130481', '武安市', 40, 'Wu,an Shi'),
	(481, '130501', '市辖区', 41, 'Shixiaqu'),
	(482, '130502', '桥东区', 41, 'Qiaodong Qu'),
	(483, '130503', '桥西区', 41, 'Qiaoxi Qu'),
	(484, '130521', '邢台县', 41, 'Xingtai Xian'),
	(485, '130522', '临城县', 41, 'Lincheng Xian '),
	(486, '130523', '内丘县', 41, 'Neiqiu Xian '),
	(487, '130524', '柏乡县', 41, 'Baixiang Xian'),
	(488, '130525', '隆尧县', 41, 'Longyao Xian'),
	(489, '130526', '任县', 41, 'Ren Xian'),
	(490, '130527', '南和县', 41, 'Nanhe Xian'),
	(491, '130528', '宁晋县', 41, 'Ningjin Xian'),
	(492, '130529', '巨鹿县', 41, 'Julu Xian'),
	(493, '130530', '新河县', 41, 'Xinhe Xian '),
	(494, '130531', '广宗县', 41, 'Guangzong Xian '),
	(495, '130532', '平乡县', 41, 'Pingxiang Xian'),
	(496, '130533', '威县', 41, 'Wei Xian '),
	(497, '130534', '清河县', 41, 'Qinghe Xian'),
	(498, '130535', '临西县', 41, 'Linxi Xian'),
	(499, '130581', '南宫市', 41, 'Nangong Shi'),
	(500, '130582', '沙河市', 41, 'Shahe Shi'),
	(501, '130601', '市辖区', 42, 'Shixiaqu'),
	(502, '130600', '新市区', 42, 'Xinshi Qu'),
	(503, '130603', '北市区', 42, 'Beishi Qu'),
	(504, '130604', '南市区', 42, 'Nanshi Qu'),
	(505, '130621', '满城县', 42, 'Mancheng Xian '),
	(506, '130622', '清苑县', 42, 'Qingyuan Xian'),
	(507, '130623', '涞水县', 42, 'Laishui Xian'),
	(508, '130624', '阜平县', 42, 'Fuping Xian '),
	(509, '130625', '徐水县', 42, 'Xushui Xian '),
	(510, '130626', '定兴县', 42, 'Dingxing Xian '),
	(511, '130627', '唐县', 42, 'Tang Xian '),
	(512, '130628', '高阳县', 42, 'Gaoyang Xian '),
	(513, '130629', '容城县', 42, 'Rongcheng Xian '),
	(514, '130630', '涞源县', 42, 'Laiyuan Xian '),
	(515, '130631', '望都县', 42, 'Wangdu Xian '),
	(516, '130632', '安新县', 42, 'Anxin Xian '),
	(517, '130633', '易县', 42, 'Yi Xian'),
	(518, '130634', '曲阳县', 42, 'Quyang Xian '),
	(519, '130635', '蠡县', 42, 'Li Xian'),
	(520, '130636', '顺平县', 42, 'Shunping Xian '),
	(521, '130637', '博野县', 42, 'Boye Xian '),
	(522, '130638', '雄县', 42, 'Xiong Xian'),
	(523, '130681', '涿州市', 42, 'Zhuozhou Shi'),
	(524, '130682', '定州市', 42, 'Dingzhou Shi '),
	(525, '130683', '安国市', 42, 'Anguo Shi '),
	(526, '130684', '高碑店市', 42, 'Gaobeidian Shi'),
	(527, '130701', '市辖区', 43, 'Shixiaqu'),
	(528, '130702', '桥东区', 43, 'Qiaodong Qu'),
	(529, '130703', '桥西区', 43, 'Qiaoxi Qu'),
	(530, '130705', '宣化区', 43, 'Xuanhua Qu'),
	(531, '130706', '下花园区', 43, 'Xiahuayuan Qu '),
	(532, '130721', '宣化县', 43, 'Xuanhua Xian '),
	(533, '130722', '张北县', 43, 'Zhangbei Xian '),
	(534, '130723', '康保县', 43, 'Kangbao Xian'),
	(535, '130724', '沽源县', 43, 'Guyuan Xian'),
	(536, '130725', '尚义县', 43, 'Shangyi Xian'),
	(537, '130726', '蔚县', 43, 'Yu Xian'),
	(538, '130727', '阳原县', 43, 'Yangyuan Xian'),
	(539, '130728', '怀安县', 43, 'Huai,an Xian'),
	(540, '130729', '万全县', 43, 'Wanquan Xian '),
	(541, '130730', '怀来县', 43, 'Huailai Xian'),
	(542, '130731', '涿鹿县', 43, 'Zhuolu Xian '),
	(543, '130732', '赤城县', 43, 'Chicheng Xian'),
	(544, '130733', '崇礼县', 43, 'Chongli Xian'),
	(545, '130801', '市辖区', 44, 'Shixiaqu'),
	(546, '130802', '双桥区', 44, 'Shuangqiao Qu '),
	(547, '130803', '双滦区', 44, 'Shuangluan Qu'),
	(548, '130804', '鹰手营子矿区', 44, 'Yingshouyingzi Kuangqu'),
	(549, '130821', '承德县', 44, 'Chengde Xian'),
	(550, '130822', '兴隆县', 44, 'Xinglong Xian'),
	(551, '130823', '平泉县', 44, 'Pingquan Xian'),
	(552, '130824', '滦平县', 44, 'Luanping Xian '),
	(553, '130825', '隆化县', 44, 'Longhua Xian'),
	(554, '130826', '丰宁满族自治县', 44, 'Fengning Manzu Zizhixian'),
	(555, '130827', '宽城满族自治县', 44, 'Kuancheng Manzu Zizhixian'),
	(556, '130828', '围场满族蒙古族自治县', 44, 'Weichang Manzu Menggolzu Zizhixian'),
	(557, '130901', '市辖区', 45, 'Shixiaqu'),
	(558, '130902', '新华区', 45, 'Xinhua Qu'),
	(559, '130903', '运河区', 45, 'Yunhe Qu'),
	(560, '130921', '沧县', 45, 'Cang Xian'),
	(561, '130922', '青县', 45, 'Qing Xian'),
	(562, '130923', '东光县', 45, 'Dongguang Xian '),
	(563, '130924', '海兴县', 45, 'Haixing Xian'),
	(564, '130925', '盐山县', 45, 'Yanshan Xian'),
	(565, '130926', '肃宁县', 45, 'Suning Xian '),
	(566, '130927', '南皮县', 45, 'Nanpi Xian'),
	(567, '130928', '吴桥县', 45, 'Wuqiao Xian '),
	(568, '130929', '献县', 45, 'Xian Xian '),
	(569, '130930', '孟村回族自治县', 45, 'Mengcun Huizu Zizhixian'),
	(570, '130981', '泊头市', 45, 'Botou Shi '),
	(571, '130982', '任丘市', 45, 'Renqiu Shi'),
	(572, '130983', '黄骅市', 45, 'Huanghua Shi'),
	(573, '130984', '河间市', 45, 'Hejian Shi'),
	(574, '131001', '市辖区', 46, 'Shixiaqu'),
	(575, '131002', '安次区', 46, 'Anci Qu'),
	(576, '131003', '广阳区', 46, 'Guangyang Qu'),
	(577, '131022', '固安县', 46, 'Gu,an Xian'),
	(578, '131023', '永清县', 46, 'Yongqing Xian '),
	(579, '131024', '香河县', 46, 'Xianghe Xian'),
	(580, '131025', '大城县', 46, 'Dacheng Xian'),
	(581, '131026', '文安县', 46, 'Wen,an Xian'),
	(582, '131028', '大厂回族自治县', 46, 'Dachang Huizu Zizhixian'),
	(583, '131081', '霸州市', 46, 'Bazhou Shi'),
	(584, '131082', '三河市', 46, 'Sanhe Shi'),
	(585, '131101', '市辖区', 47, 'Shixiaqu'),
	(586, '131102', '桃城区', 47, 'Taocheng Qu'),
	(587, '131121', '枣强县', 47, 'Zaoqiang Xian '),
	(588, '131122', '武邑县', 47, 'Wuyi Xian'),
	(589, '131123', '武强县', 47, 'Wuqiang Xian '),
	(590, '131124', '饶阳县', 47, 'Raoyang Xian'),
	(591, '131125', '安平县', 47, 'Anping Xian'),
	(592, '131126', '故城县', 47, 'Gucheng Xian'),
	(593, '131127', '景县', 47, 'Jing Xian '),
	(594, '131128', '阜城县', 47, 'Fucheng Xian '),
	(595, '131181', '冀州市', 47, 'Jizhou Shi '),
	(596, '131182', '深州市', 47, 'Shenzhou Shi'),
	(597, '140101', '市辖区', 48, 'Shixiaqu'),
	(598, '140105', '小店区', 48, 'Xiaodian Qu'),
	(599, '140106', '迎泽区', 48, 'Yingze Qu'),
	(600, '140107', '杏花岭区', 48, 'Xinghualing Qu'),
	(601, '140108', '尖草坪区', 48, 'Jiancaoping Qu'),
	(602, '140109', '万柏林区', 48, 'Wanbailin Qu'),
	(603, '140110', '晋源区', 48, 'Jinyuan Qu'),
	(604, '140121', '清徐县', 48, 'Qingxu Xian '),
	(605, '140122', '阳曲县', 48, 'Yangqu Xian '),
	(606, '140123', '娄烦县', 48, 'Loufan Xian'),
	(607, '140181', '古交市', 48, 'Gujiao Shi'),
	(608, '140201', '市辖区', 49, 'Shixiaqu'),
	(609, '140202', '城区', 49, 'Chengqu'),
	(610, '140203', '矿区', 49, 'Kuangqu'),
	(611, '140211', '南郊区', 49, 'Nanjiao Qu'),
	(612, '140212', '新荣区', 49, 'Xinrong Qu'),
	(613, '140221', '阳高县', 49, 'Yanggao Xian '),
	(614, '140222', '天镇县', 49, 'Tianzhen Xian '),
	(615, '140223', '广灵县', 49, 'Guangling Xian '),
	(616, '140224', '灵丘县', 49, 'Lingqiu Xian '),
	(617, '140225', '浑源县', 49, 'Hunyuan Xian'),
	(618, '140226', '左云县', 49, 'Zuoyun Xian'),
	(619, '140227', '大同县', 49, 'Datong Xian '),
	(620, '140301', '市辖区', 50, 'Shixiaqu'),
	(621, '140302', '城区', 50, 'Chengqu'),
	(622, '140303', '矿区', 50, 'Kuangqu'),
	(623, '140311', '郊区', 50, 'Jiaoqu'),
	(624, '140321', '平定县', 50, 'Pingding Xian'),
	(625, '140322', '盂县', 50, 'Yu Xian'),
	(626, '140401', '市辖区', 51, 'Shixiaqu'),
	(627, '140402', '城区', 51, 'Chengqu '),
	(628, '140411', '郊区', 51, 'Jiaoqu'),
	(629, '140421', '长治县', 51, 'Changzhi Xian'),
	(630, '140423', '襄垣县', 51, 'Xiangyuan Xian'),
	(631, '140424', '屯留县', 51, 'Tunliu Xian'),
	(632, '140425', '平顺县', 51, 'Pingshun Xian'),
	(633, '140426', '黎城县', 51, 'Licheng Xian'),
	(634, '140427', '壶关县', 51, 'Huguan Xian'),
	(635, '140428', '长子县', 51, 'Zhangzi Xian '),
	(636, '140429', '武乡县', 51, 'Wuxiang Xian'),
	(637, '140430', '沁县', 51, 'Qin Xian'),
	(638, '140431', '沁源县', 51, 'Qinyuan Xian '),
	(639, '140481', '潞城市', 51, 'Lucheng Shi'),
	(640, '140501', '市辖区', 52, 'Shixiaqu'),
	(641, '140502', '城区', 52, 'Chengqu '),
	(642, '140521', '沁水县', 52, 'Qinshui Xian'),
	(643, '140522', '阳城县', 52, 'Yangcheng Xian '),
	(644, '140524', '陵川县', 52, 'Lingchuan Xian'),
	(645, '140525', '泽州县', 52, 'Zezhou Xian'),
	(646, '140581', '高平市', 52, 'Gaoping Shi '),
	(647, '140601', '市辖区', 53, 'Shixiaqu'),
	(648, '140602', '朔城区', 53, 'Shuocheng Qu'),
	(649, '140603', '平鲁区', 53, 'Pinglu Qu'),
	(650, '140621', '山阴县', 53, 'Shanyin Xian'),
	(651, '140622', '应县', 53, 'Ying Xian'),
	(652, '140623', '右玉县', 53, 'Youyu Xian '),
	(653, '140624', '怀仁县', 53, 'Huairen Xian'),
	(654, '140701', '市辖区', 54, '1'),
	(655, '140702', '榆次区', 54, 'Yuci Qu'),
	(656, '140721', '榆社县', 54, 'Yushe Xian'),
	(657, '140722', '左权县', 54, 'Zuoquan Xian'),
	(658, '140723', '和顺县', 54, 'Heshun Xian'),
	(659, '140724', '昔阳县', 54, 'Xiyang Xian'),
	(660, '140725', '寿阳县', 54, 'Shouyang Xian'),
	(661, '140726', '太谷县', 54, 'Taigu Xian'),
	(662, '140727', '祁县', 54, 'Qi Xian'),
	(663, '140728', '平遥县', 54, 'Pingyao Xian'),
	(664, '140729', '灵石县', 54, 'Lingshi Xian'),
	(665, '140781', '介休市', 54, 'Jiexiu Shi'),
	(666, '140801', '市辖区', 55, '1'),
	(667, '140802', '盐湖区', 55, 'Yanhu Qu'),
	(668, '140821', '临猗县', 55, 'Linyi Xian'),
	(669, '140822', '万荣县', 55, 'Wanrong Xian'),
	(670, '140823', '闻喜县', 55, 'Wenxi Xian'),
	(671, '140824', '稷山县', 55, 'Jishan Xian'),
	(672, '140825', '新绛县', 55, 'Xinjiang Xian'),
	(673, '140826', '绛县', 55, 'Jiang Xian'),
	(674, '140827', '垣曲县', 55, 'Yuanqu Xian'),
	(675, '140828', '夏县', 55, 'Xia Xian '),
	(676, '140829', '平陆县', 55, 'Pinglu Xian'),
	(677, '140830', '芮城县', 55, 'Ruicheng Xian'),
	(678, '140881', '永济市', 55, 'Yongji Shi '),
	(679, '140882', '河津市', 55, 'Hejin Shi'),
	(680, '140901', '市辖区', 56, '1'),
	(681, '140902', '忻府区', 56, 'Xinfu Qu'),
	(682, '140921', '定襄县', 56, 'Dingxiang Xian'),
	(683, '140922', '五台县', 56, 'Wutai Xian'),
	(684, '140923', '代县', 56, 'Dai Xian'),
	(685, '140924', '繁峙县', 56, 'Fanshi Xian'),
	(686, '140925', '宁武县', 56, 'Ningwu Xian'),
	(687, '140926', '静乐县', 56, 'Jingle Xian'),
	(688, '140927', '神池县', 56, 'Shenchi Xian'),
	(689, '140928', '五寨县', 56, 'Wuzhai Xian'),
	(690, '140929', '岢岚县', 56, 'Kelan Xian'),
	(691, '140930', '河曲县', 56, 'Hequ Xian '),
	(692, '140931', '保德县', 56, 'Baode Xian'),
	(693, '140932', '偏关县', 56, 'Pianguan Xian'),
	(694, '140981', '原平市', 56, 'Yuanping Shi'),
	(695, '141001', '市辖区', 57, '1'),
	(696, '141002', '尧都区', 57, 'Yaodu Qu'),
	(697, '141021', '曲沃县', 57, 'Quwo Xian '),
	(698, '141022', '翼城县', 57, 'Yicheng Xian'),
	(699, '141023', '襄汾县', 57, 'Xiangfen Xian'),
	(700, '141024', '洪洞县', 57, 'Hongtong Xian'),
	(701, '141025', '古县', 57, 'Gu Xian'),
	(702, '141026', '安泽县', 57, 'Anze Xian'),
	(703, '141027', '浮山县', 57, 'Fushan Xian '),
	(704, '141028', '吉县', 57, 'Ji Xian'),
	(705, '141029', '乡宁县', 57, 'Xiangning Xian'),
	(706, '141030', '大宁县', 57, 'Daning Xian'),
	(707, '141031', '隰县', 57, 'Xi Xian'),
	(708, '141032', '永和县', 57, 'Yonghe Xian'),
	(709, '141033', '蒲县', 57, 'Pu Xian'),
	(710, '141034', '汾西县', 57, 'Fenxi Xian'),
	(711, '141081', '侯马市', 57, 'Houma Shi '),
	(712, '141082', '霍州市', 57, 'Huozhou Shi '),
	(713, '141101', '市辖区', 58, '1'),
	(714, '141102', '离石区', 58, 'Lishi Qu'),
	(715, '141121', '文水县', 58, 'Wenshui Xian'),
	(716, '141122', '交城县', 58, 'Jiaocheng Xian'),
	(717, '141123', '兴县', 58, 'Xing Xian'),
	(718, '141124', '临县', 58, 'Lin Xian '),
	(719, '141125', '柳林县', 58, 'Liulin Xian'),
	(720, '141126', '石楼县', 58, 'Shilou Xian'),
	(721, '141127', '岚县', 58, 'Lan Xian'),
	(722, '141128', '方山县', 58, 'Fangshan Xian'),
	(723, '141129', '中阳县', 58, 'Zhongyang Xian'),
	(724, '141130', '交口县', 58, 'Jiaokou Xian'),
	(725, '141181', '孝义市', 58, 'Xiaoyi Shi'),
	(726, '141182', '汾阳市', 58, 'Fenyang Shi'),
	(727, '150101', '市辖区', 59, 'Shixiaqu'),
	(728, '150102', '新城区', 59, 'Xincheng Qu'),
	(729, '150103', '回民区', 59, 'Huimin Qu'),
	(730, '150104', '玉泉区', 59, 'Yuquan Qu'),
	(731, '150105', '赛罕区', 59, 'Saihan Qu'),
	(732, '150121', '土默特左旗', 59, 'Tumd Zuoqi'),
	(733, '150122', '托克托县', 59, 'Togtoh Xian'),
	(734, '150123', '和林格尔县', 59, 'Horinger Xian'),
	(735, '150124', '清水河县', 59, 'Qingshuihe Xian'),
	(736, '150125', '武川县', 59, 'Wuchuan Xian'),
	(737, '150201', '市辖区', 60, 'Shixiaqu'),
	(738, '150202', '东河区', 60, 'Donghe Qu'),
	(739, '150203', '昆都仑区', 60, 'Kundulun Qu'),
	(740, '150204', '青山区', 60, 'Qingshan Qu'),
	(741, '150205', '石拐区', 60, 'Shiguai Qu'),
	(742, '150206', '白云鄂博矿区', 60, 'Baiyun Kuangqu'),
	(743, '150207', '九原区', 60, 'Jiuyuan Qu'),
	(744, '150221', '土默特右旗', 60, 'Tumd Youqi'),
	(745, '150222', '固阳县', 60, 'Guyang Xian'),
	(746, '150223', '达尔罕茂明安联合旗', 60, 'Darhan Muminggan Lianheqi'),
	(747, '150301', '市辖区', 61, 'Shixiaqu'),
	(748, '150302', '海勃湾区', 61, 'Haibowan Qu'),
	(749, '150303', '海南区', 61, 'Hainan Qu'),
	(750, '150304', '乌达区', 61, 'Ud Qu'),
	(751, '150401', '市辖区', 62, 'Shixiaqu'),
	(752, '150402', '红山区', 62, 'Hongshan Qu'),
	(753, '150403', '元宝山区', 62, 'Yuanbaoshan Qu'),
	(754, '150404', '松山区', 62, 'Songshan Qu'),
	(755, '150421', '阿鲁科尔沁旗', 62, 'Ar Horqin Qi'),
	(756, '150422', '巴林左旗', 62, 'Bairin Zuoqi'),
	(757, '150423', '巴林右旗', 62, 'Bairin Youqi'),
	(758, '150424', '林西县', 62, 'Linxi Xian'),
	(759, '150425', '克什克腾旗', 62, 'Hexigten Qi'),
	(760, '150426', '翁牛特旗', 62, 'Ongniud Qi'),
	(761, '150428', '喀喇沁旗', 62, 'Harqin Qi'),
	(762, '150429', '宁城县', 62, 'Ningcheng Xian'),
	(763, '150430', '敖汉旗', 62, 'Aohan Qi'),
	(764, '150501', '市辖区', 63, '1'),
	(765, '150502', '科尔沁区', 63, 'Keermi Qu'),
	(766, '150521', '科尔沁左翼中旗', 63, 'Horqin Zuoyi Zhongqi'),
	(767, '150522', '科尔沁左翼后旗', 63, 'Horqin Zuoyi Houqi'),
	(768, '150523', '开鲁县', 63, 'Kailu Xian'),
	(769, '150524', '库伦旗', 63, 'Hure Qi'),
	(770, '150525', '奈曼旗', 63, 'Naiman Qi'),
	(771, '150526', '扎鲁特旗', 63, 'Jarud Qi'),
	(772, '150581', '霍林郭勒市', 63, 'Holingol Shi'),
	(773, '150602', '东胜区', 64, 'Dongsheng Qu'),
	(774, '150621', '达拉特旗', 64, 'Dalad Qi'),
	(775, '150622', '准格尔旗', 64, 'Jungar Qi'),
	(776, '150623', '鄂托克前旗', 64, 'Otog Qianqi'),
	(777, '150624', '鄂托克旗', 64, 'Otog Qi'),
	(778, '150625', '杭锦旗', 64, 'Hanggin Qi'),
	(779, '150626', '乌审旗', 64, 'Uxin Qi'),
	(780, '150627', '伊金霍洛旗', 64, 'Ejin Horo Qi'),
	(781, '150701', '市辖区', 65, '1'),
	(782, '150702', '海拉尔区', 65, 'Hailaer Qu'),
	(783, '150721', '阿荣旗', 65, 'Arun Qi'),
	(784, '150722', '莫力达瓦达斡尔族自治旗', 65, 'Morin Dawa Daurzu Zizhiqi'),
	(785, '150723', '鄂伦春自治旗', 65, 'Oroqen Zizhiqi'),
	(786, '150724', '鄂温克族自治旗', 65, 'Ewenkizu Zizhiqi'),
	(787, '150725', '陈巴尔虎旗', 65, 'Chen Barag Qi'),
	(788, '150726', '新巴尔虎左旗', 65, 'Xin Barag Zuoqi'),
	(789, '150727', '新巴尔虎右旗', 65, 'Xin Barag Youqi'),
	(790, '150781', '满洲里市', 65, 'Manzhouli Shi'),
	(791, '150782', '牙克石市', 65, 'Yakeshi Shi'),
	(792, '150783', '扎兰屯市', 65, 'Zalantun Shi'),
	(793, '150784', '额尔古纳市', 65, 'Ergun Shi'),
	(794, '150785', '根河市', 65, 'Genhe Shi'),
	(795, '150801', '市辖区', 66, '1'),
	(796, '150802', '临河区', 66, 'Linhe Qu'),
	(797, '150821', '五原县', 66, 'Wuyuan Xian'),
	(798, '150822', '磴口县', 66, 'Dengkou Xian'),
	(799, '150823', '乌拉特前旗', 66, 'Urad Qianqi'),
	(800, '150824', '乌拉特中旗', 66, 'Urad Zhongqi'),
	(801, '150825', '乌拉特后旗', 66, 'Urad Houqi'),
	(802, '150826', '杭锦后旗', 66, 'Hanggin Houqi'),
	(803, '150901', '市辖区', 67, '1'),
	(804, '150902', '集宁区', 67, 'Jining Qu'),
	(805, '150921', '卓资县', 67, 'Zhuozi Xian'),
	(806, '150922', '化德县', 67, 'Huade Xian'),
	(807, '150923', '商都县', 67, 'Shangdu Xian'),
	(808, '150924', '兴和县', 67, 'Xinghe Xian'),
	(809, '150925', '凉城县', 67, 'Liangcheng Xian'),
	(810, '150926', '察哈尔右翼前旗', 67, 'Qahar Youyi Qianqi'),
	(811, '150927', '察哈尔右翼中旗', 67, 'Qahar Youyi Zhongqi'),
	(812, '150928', '察哈尔右翼后旗', 67, 'Qahar Youyi Houqi'),
	(813, '150929', '四子王旗', 67, 'Dorbod Qi'),
	(814, '150981', '丰镇市', 67, 'Fengzhen Shi'),
	(815, '152201', '乌兰浩特市', 68, 'Ulan Hot Shi'),
	(816, '152202', '阿尔山市', 68, 'Arxan Shi'),
	(817, '152221', '科尔沁右翼前旗', 68, 'Horqin Youyi Qianqi'),
	(818, '152222', '科尔沁右翼中旗', 68, 'Horqin Youyi Zhongqi'),
	(819, '152223', '扎赉特旗', 68, 'Jalaid Qi'),
	(820, '152224', '突泉县', 68, 'Tuquan Xian'),
	(821, '152501', '二连浩特市', 69, 'Erenhot Shi'),
	(822, '152502', '锡林浩特市', 69, 'Xilinhot Shi'),
	(823, '152522', '阿巴嘎旗', 69, 'Abag Qi'),
	(824, '152523', '苏尼特左旗', 69, 'Sonid Zuoqi'),
	(825, '152524', '苏尼特右旗', 69, 'Sonid Youqi'),
	(826, '152525', '东乌珠穆沁旗', 69, 'Dong Ujimqin Qi'),
	(827, '152526', '西乌珠穆沁旗', 69, 'Xi Ujimqin Qi'),
	(828, '152527', '太仆寺旗', 69, 'Taibus Qi'),
	(829, '152528', '镶黄旗', 69, 'Xianghuang(Hobot Xar) Qi'),
	(830, '152529', '正镶白旗', 69, 'Zhengxiangbai(Xulun Hobot Qagan)Qi'),
	(831, '152530', '正蓝旗', 69, 'Zhenglan(Xulun Hoh)Qi'),
	(832, '152531', '多伦县', 69, 'Duolun (Dolonnur)Xian'),
	(833, '152921', '阿拉善左旗', 70, 'Alxa Zuoqi'),
	(834, '152922', '阿拉善右旗', 70, 'Alxa Youqi'),
	(835, '152923', '额济纳旗', 70, 'Ejin Qi'),
	(836, '210101', '市辖区', 71, 'Shixiaqu'),
	(837, '210102', '和平区', 71, 'Heping Qu'),
	(838, '210103', '沈河区', 71, 'Shenhe Qu '),
	(839, '210104', '大东区', 71, 'Dadong Qu '),
	(840, '210105', '皇姑区', 71, 'Huanggu Qu'),
	(841, '210106', '铁西区', 71, 'Tiexi Qu'),
	(842, '210111', '苏家屯区', 71, 'Sujiatun Qu'),
	(843, '210112', '东陵区', 71, 'Dongling Qu '),
	(844, '210113', '沈北新区', 71, 'Xinchengzi Qu'),
	(845, '210114', '于洪区', 71, 'Yuhong Qu '),
	(846, '210122', '辽中县', 71, 'Liaozhong Xian'),
	(847, '210123', '康平县', 71, 'Kangping Xian'),
	(848, '210124', '法库县', 71, 'Faku Xian'),
	(849, '210181', '新民市', 71, 'Xinmin Shi'),
	(850, '210201', '市辖区', 72, 'Shixiaqu'),
	(851, '210202', '中山区', 72, 'Zhongshan Qu'),
	(852, '210203', '西岗区', 72, 'Xigang Qu'),
	(853, '210204', '沙河口区', 72, 'Shahekou Qu'),
	(854, '210211', '甘井子区', 72, 'Ganjingzi Qu'),
	(855, '210212', '旅顺口区', 72, 'Lvshunkou Qu '),
	(856, '210213', '金州区', 72, 'Jinzhou Qu'),
	(857, '210224', '长海县', 72, 'Changhai Xian'),
	(858, '210281', '瓦房店市', 72, 'Wafangdian Shi'),
	(859, '210282', '普兰店市', 72, 'Pulandian Shi'),
	(860, '210283', '庄河市', 72, 'Zhuanghe Shi'),
	(861, '210301', '市辖区', 73, 'Shixiaqu'),
	(862, '210302', '铁东区', 73, 'Tiedong Qu '),
	(863, '210303', '铁西区', 73, 'Tiexi Qu'),
	(864, '210304', '立山区', 73, 'Lishan Qu'),
	(865, '210311', '千山区', 73, 'Qianshan Qu '),
	(866, '210321', '台安县', 73, 'Tai,an Xian'),
	(867, '210323', '岫岩满族自治县', 73, 'Xiuyan Manzu Zizhixian'),
	(868, '210381', '海城市', 73, 'Haicheng Shi'),
	(869, '210401', '市辖区', 74, 'Shixiaqu'),
	(870, '210402', '新抚区', 74, 'Xinfu Qu'),
	(871, '210403', '东洲区', 74, 'Dongzhou Qu'),
	(872, '210404', '望花区', 74, 'Wanghua Qu'),
	(873, '210411', '顺城区', 74, 'Shuncheng Qu'),
	(874, '210421', '抚顺县', 74, 'Fushun Xian'),
	(875, '210422', '新宾满族自治县', 74, 'Xinbinmanzuzizhi Xian'),
	(876, '210423', '清原满族自治县', 74, 'Qingyuanmanzuzizhi Xian'),
	(877, '210501', '市辖区', 75, 'Shixiaqu'),
	(878, '210502', '平山区', 75, 'Pingshan Qu'),
	(879, '210503', '溪湖区', 75, 'Xihu Qu '),
	(880, '210504', '明山区', 75, 'Mingshan Qu'),
	(881, '210505', '南芬区', 75, 'Nanfen Qu'),
	(882, '210521', '本溪满族自治县', 75, 'Benxi Manzu Zizhixian'),
	(883, '210522', '桓仁满族自治县', 75, 'Huanren Manzu Zizhixian'),
	(884, '210601', '市辖区', 76, 'Shixiaqu'),
	(885, '210602', '元宝区', 76, 'Yuanbao Qu'),
	(886, '210603', '振兴区', 76, 'Zhenxing Qu '),
	(887, '210604', '振安区', 76, 'Zhen,an Qu'),
	(888, '210624', '宽甸满族自治县', 76, 'Kuandian Manzu Zizhixian'),
	(889, '210681', '东港市', 76, 'Donggang Shi'),
	(890, '210682', '凤城市', 76, 'Fengcheng Shi'),
	(891, '210701', '市辖区', 77, 'Shixiaqu'),
	(892, '210702', '古塔区', 77, 'Guta Qu'),
	(893, '210703', '凌河区', 77, 'Linghe Qu'),
	(894, '210711', '太和区', 77, 'Taihe Qu'),
	(895, '210726', '黑山县', 77, 'Heishan Xian'),
	(896, '210727', '义县', 77, 'Yi Xian'),
	(897, '210781', '凌海市', 77, 'Linghai Shi '),
	(898, '210782', '北镇市', 77, 'Beining Shi'),
	(899, '210801', '市辖区', 78, 'Shixiaqu'),
	(900, '210802', '站前区', 78, 'Zhanqian Qu'),
	(901, '210803', '西市区', 78, 'Xishi Qu'),
	(902, '210804', '鲅鱼圈区', 78, 'Bayuquan Qu'),
	(903, '210811', '老边区', 78, 'Laobian Qu'),
	(904, '210881', '盖州市', 78, 'Gaizhou Shi'),
	(905, '210882', '大石桥市', 78, 'Dashiqiao Shi'),
	(906, '210901', '市辖区', 79, 'Shixiaqu'),
	(907, '210902', '海州区', 79, 'Haizhou Qu'),
	(908, '210903', '新邱区', 79, 'Xinqiu Qu'),
	(909, '210904', '太平区', 79, 'Taiping Qu'),
	(910, '210905', '清河门区', 79, 'Qinghemen Qu'),
	(911, '210911', '细河区', 79, 'Xihe Qu'),
	(912, '210921', '阜新蒙古族自治县', 79, 'Fuxin Mongolzu Zizhixian'),
	(913, '210922', '彰武县', 79, 'Zhangwu Xian'),
	(914, '211001', '市辖区', 80, 'Shixiaqu'),
	(915, '211002', '白塔区', 80, 'Baita Qu'),
	(916, '211003', '文圣区', 80, 'Wensheng Qu'),
	(917, '211004', '宏伟区', 80, 'Hongwei Qu'),
	(918, '211005', '弓长岭区', 80, 'Gongchangling Qu'),
	(919, '211011', '太子河区', 80, 'Taizihe Qu'),
	(920, '211021', '辽阳县', 80, 'Liaoyang Xian'),
	(921, '211081', '灯塔市', 80, 'Dengta Shi'),
	(922, '211101', '市辖区', 81, 'Shixiaqu'),
	(923, '211102', '双台子区', 81, 'Shuangtaizi Qu'),
	(924, '211103', '兴隆台区', 81, 'Xinglongtai Qu'),
	(925, '211121', '大洼县', 81, 'Dawa Xian'),
	(926, '211122', '盘山县', 81, 'Panshan Xian'),
	(927, '211201', '市辖区', 82, 'Shixiaqu'),
	(928, '211202', '银州区', 82, 'Yinzhou Qu'),
	(929, '211204', '清河区', 82, 'Qinghe Qu'),
	(930, '211221', '铁岭县', 82, 'Tieling Xian'),
	(931, '211223', '西丰县', 82, 'Xifeng Xian'),
	(932, '211224', '昌图县', 82, 'Changtu Xian'),
	(933, '211281', '调兵山市', 82, 'Diaobingshan Shi'),
	(934, '211282', '开原市', 82, 'Kaiyuan Shi'),
	(935, '211301', '市辖区', 83, 'Shixiaqu'),
	(936, '211302', '双塔区', 83, 'Shuangta Qu'),
	(937, '211303', '龙城区', 83, 'Longcheng Qu'),
	(938, '211321', '朝阳县', 83, 'Chaoyang Xian'),
	(939, '211322', '建平县', 83, 'Jianping Xian'),
	(940, '211324', '喀喇沁左翼蒙古族自治县', 83, 'Harqin Zuoyi Mongolzu Zizhixian'),
	(941, '211381', '北票市', 83, 'Beipiao Shi'),
	(942, '211382', '凌源市', 83, 'Lingyuan Shi'),
	(943, '211401', '市辖区', 84, 'Shixiaqu'),
	(944, '211402', '连山区', 84, 'Lianshan Qu'),
	(945, '211403', '龙港区', 84, 'Longgang Qu'),
	(946, '211404', '南票区', 84, 'Nanpiao Qu'),
	(947, '211421', '绥中县', 84, 'Suizhong Xian'),
	(948, '211422', '建昌县', 84, 'Jianchang Xian'),
	(949, '211481', '兴城市', 84, 'Xingcheng Shi'),
	(950, '220101', '市辖区', 85, 'Shixiaqu'),
	(951, '220102', '南关区', 85, 'Nanguan Qu'),
	(952, '220103', '宽城区', 85, 'Kuancheng Qu'),
	(953, '220104', '朝阳区', 85, 'Chaoyang Qu '),
	(954, '220105', '二道区', 85, 'Erdao Qu'),
	(955, '220106', '绿园区', 85, 'Lvyuan Qu'),
	(956, '220112', '双阳区', 85, 'Shuangyang Qu'),
	(957, '220122', '农安县', 85, 'Nong,an Xian '),
	(958, '220181', '九台市', 85, 'Jiutai Shi'),
	(959, '220182', '榆树市', 85, 'Yushu Shi'),
	(960, '220183', '德惠市', 85, 'Dehui Shi'),
	(961, '220201', '市辖区', 86, 'Shixiaqu'),
	(962, '220202', '昌邑区', 86, 'Changyi Qu'),
	(963, '220203', '龙潭区', 86, 'Longtan Qu'),
	(964, '220204', '船营区', 86, 'Chuanying Qu'),
	(965, '220211', '丰满区', 86, 'Fengman Qu'),
	(966, '220221', '永吉县', 86, 'Yongji Xian'),
	(967, '220281', '蛟河市', 86, 'Jiaohe Shi'),
	(968, '220282', '桦甸市', 86, 'Huadian Shi'),
	(969, '220283', '舒兰市', 86, 'Shulan Shi'),
	(970, '220284', '磐石市', 86, 'Panshi Shi'),
	(971, '220301', '市辖区', 87, 'Shixiaqu'),
	(972, '220302', '铁西区', 87, 'Tiexi Qu'),
	(973, '220303', '铁东区', 87, 'Tiedong Qu '),
	(974, '220322', '梨树县', 87, 'Lishu Xian'),
	(975, '220323', '伊通满族自治县', 87, 'Yitong Manzu Zizhixian'),
	(976, '220381', '公主岭市', 87, 'Gongzhuling Shi'),
	(977, '220382', '双辽市', 87, 'Shuangliao Shi'),
	(978, '220401', '市辖区', 88, 'Shixiaqu'),
	(979, '220402', '龙山区', 88, 'Longshan Qu'),
	(980, '220403', '西安区', 88, 'Xi,an Qu'),
	(981, '220421', '东丰县', 88, 'Dongfeng Xian'),
	(982, '220422', '东辽县', 88, 'Dongliao Xian '),
	(983, '220501', '市辖区', 89, 'Shixiaqu'),
	(984, '220502', '东昌区', 89, 'Dongchang Qu'),
	(985, '220503', '二道江区', 89, 'Erdaojiang Qu'),
	(986, '220521', '通化县', 89, 'Tonghua Xian '),
	(987, '220523', '辉南县', 89, 'Huinan Xian '),
	(988, '220524', '柳河县', 89, 'Liuhe Xian '),
	(989, '220581', '梅河口市', 89, 'Meihekou Shi'),
	(990, '220582', '集安市', 89, 'Ji,an Shi'),
	(991, '220601', '市辖区', 90, 'Shixiaqu'),
	(992, '220602', '八道江区', 90, 'Badaojiang Qu'),
	(993, '220621', '抚松县', 90, 'Fusong Xian'),
	(994, '220622', '靖宇县', 90, 'Jingyu Xian'),
	(995, '220623', '长白朝鲜族自治县', 90, 'Changbaichaoxianzuzizhi Xian'),
	(996, '220605', '江源区', 90, 'Jiangyuan Xian'),
	(997, '220681', '临江市', 90, 'Linjiang Shi'),
	(998, '220701', '市辖区', 91, 'Shixiaqu'),
	(999, '220702', '宁江区', 91, 'Ningjiang Qu'),
	(1000, '220721', '前郭尔罗斯蒙古族自治县', 91, 'Qian Gorlos Mongolzu Zizhixian'),
	(1001, '220722', '长岭县', 91, 'Changling Xian'),
	(1002, '220723', '乾安县', 91, 'Qian,an Xian'),
	(1003, '220724', '扶余县', 91, 'Fuyu Xian'),
	(1004, '220801', '市辖区', 92, 'Shixiaqu'),
	(1005, '220802', '洮北区', 92, 'Taobei Qu'),
	(1006, '220821', '镇赉县', 92, 'Zhenlai Xian'),
	(1007, '220822', '通榆县', 92, 'Tongyu Xian'),
	(1008, '220881', '洮南市', 92, 'Taonan Shi'),
	(1009, '220882', '大安市', 92, 'Da,an Shi'),
	(1010, '222401', '延吉市', 93, 'Yanji Shi'),
	(1011, '222402', '图们市', 93, 'Tumen Shi'),
	(1012, '222403', '敦化市', 93, 'Dunhua Shi'),
	(1013, '222404', '珲春市', 93, 'Hunchun Shi'),
	(1014, '222405', '龙井市', 93, 'Longjing Shi'),
	(1015, '222406', '和龙市', 93, 'Helong Shi'),
	(1016, '222424', '汪清县', 93, 'Wangqing Xian'),
	(1017, '222426', '安图县', 93, 'Antu Xian'),
	(1018, '230101', '市辖区', 94, 'Shixiaqu'),
	(1019, '230102', '道里区', 94, 'Daoli Qu'),
	(1020, '230103', '南岗区', 94, 'Nangang Qu'),
	(1021, '230104', '道外区', 94, 'Daowai Qu'),
	(1022, '230110', '香坊区', 94, 'Xiangfang Qu'),
	(1024, '230108', '平房区', 94, 'Pingfang Qu'),
	(1025, '230109', '松北区', 94, 'Songbei Qu'),
	(1026, '230111', '呼兰区', 94, 'Hulan Qu'),
	(1027, '230123', '依兰县', 94, 'Yilan Xian'),
	(1028, '230124', '方正县', 94, 'Fangzheng Xian'),
	(1029, '230125', '宾县', 94, 'Bin Xian'),
	(1030, '230126', '巴彦县', 94, 'Bayan Xian'),
	(1031, '230127', '木兰县', 94, 'Mulan Xian '),
	(1032, '230128', '通河县', 94, 'Tonghe Xian'),
	(1033, '230129', '延寿县', 94, 'Yanshou Xian'),
	(1034, '230112', '阿城区', 94, 'Acheng Shi'),
	(1035, '230182', '双城市', 94, 'Shuangcheng Shi'),
	(1036, '230183', '尚志市', 94, 'Shangzhi Shi'),
	(1037, '230184', '五常市', 94, 'Wuchang Shi'),
	(1038, '230201', '市辖区', 95, 'Shixiaqu'),
	(1039, '230202', '龙沙区', 95, 'Longsha Qu'),
	(1040, '230203', '建华区', 95, 'Jianhua Qu'),
	(1041, '230204', '铁锋区', 95, 'Tiefeng Qu'),
	(1042, '230205', '昂昂溪区', 95, 'Ang,angxi Qu'),
	(1043, '230206', '富拉尔基区', 95, 'Hulan Ergi Qu'),
	(1044, '230207', '碾子山区', 95, 'Nianzishan Qu'),
	(1045, '230208', '梅里斯达斡尔族区', 95, 'Meilisidawoerzu Qu'),
	(1046, '230221', '龙江县', 95, 'Longjiang Xian'),
	(1047, '230223', '依安县', 95, 'Yi,an Xian'),
	(1048, '230224', '泰来县', 95, 'Tailai Xian'),
	(1049, '230225', '甘南县', 95, 'Gannan Xian'),
	(1050, '230227', '富裕县', 95, 'Fuyu Xian'),
	(1051, '230229', '克山县', 95, 'Keshan Xian'),
	(1052, '230230', '克东县', 95, 'Kedong Xian'),
	(1053, '230231', '拜泉县', 95, 'Baiquan Xian'),
	(1054, '230281', '讷河市', 95, 'Nehe Shi'),
	(1055, '230301', '市辖区', 96, 'Shixiaqu'),
	(1056, '230302', '鸡冠区', 96, 'Jiguan Qu'),
	(1057, '230303', '恒山区', 96, 'Hengshan Qu'),
	(1058, '230304', '滴道区', 96, 'Didao Qu'),
	(1059, '230305', '梨树区', 96, 'Lishu Qu'),
	(1060, '230306', '城子河区', 96, 'Chengzihe Qu'),
	(1061, '230307', '麻山区', 96, 'Mashan Qu'),
	(1062, '230321', '鸡东县', 96, 'Jidong Xian'),
	(1063, '230381', '虎林市', 96, 'Hulin Shi'),
	(1064, '230382', '密山市', 96, 'Mishan Shi'),
	(1065, '230401', '市辖区', 97, 'Shixiaqu'),
	(1066, '230402', '向阳区', 97, 'Xiangyang  Qu '),
	(1067, '230403', '工农区', 97, 'Gongnong Qu'),
	(1068, '230404', '南山区', 97, 'Nanshan Qu'),
	(1069, '230405', '兴安区', 97, 'Xing,an Qu'),
	(1070, '230406', '东山区', 97, 'Dongshan Qu'),
	(1071, '230407', '兴山区', 97, 'Xingshan Qu'),
	(1072, '230421', '萝北县', 97, 'Luobei Xian'),
	(1073, '230422', '绥滨县', 97, 'Suibin Xian'),
	(1074, '230501', '市辖区', 98, 'Shixiaqu'),
	(1075, '230502', '尖山区', 98, 'Jianshan Qu'),
	(1076, '230503', '岭东区', 98, 'Lingdong Qu'),
	(1077, '230505', '四方台区', 98, 'Sifangtai Qu'),
	(1078, '230506', '宝山区', 98, 'Baoshan Qu'),
	(1079, '230521', '集贤县', 98, 'Jixian Xian'),
	(1080, '230522', '友谊县', 98, 'Youyi Xian'),
	(1081, '230523', '宝清县', 98, 'Baoqing Xian'),
	(1082, '230524', '饶河县', 98, 'Raohe Xian '),
	(1083, '230601', '市辖区', 99, 'Shixiaqu'),
	(1084, '230602', '萨尔图区', 99, 'Sairt Qu'),
	(1085, '230603', '龙凤区', 99, 'Longfeng Qu'),
	(1086, '230604', '让胡路区', 99, 'Ranghulu Qu'),
	(1087, '230605', '红岗区', 99, 'Honggang Qu'),
	(1088, '230606', '大同区', 99, 'Datong Qu'),
	(1089, '230621', '肇州县', 99, 'Zhaozhou Xian'),
	(1090, '230622', '肇源县', 99, 'Zhaoyuan Xian'),
	(1091, '230623', '林甸县', 99, 'Lindian Xian '),
	(1092, '230624', '杜尔伯特蒙古族自治县', 99, 'Dorbod Mongolzu Zizhixian'),
	(1093, '230701', '市辖区', 100, 'Shixiaqu'),
	(1094, '230702', '伊春区', 100, 'Yichun Qu'),
	(1095, '230703', '南岔区', 100, 'Nancha Qu'),
	(1096, '230704', '友好区', 100, 'Youhao Qu'),
	(1097, '230705', '西林区', 100, 'Xilin Qu'),
	(1098, '230706', '翠峦区', 100, 'Cuiluan Qu'),
	(1099, '230707', '新青区', 100, 'Xinqing Qu'),
	(1100, '230708', '美溪区', 100, 'Meixi Qu'),
	(1101, '230709', '金山屯区', 100, 'Jinshantun Qu'),
	(1102, '230710', '五营区', 100, 'Wuying Qu'),
	(1103, '230711', '乌马河区', 100, 'Wumahe Qu'),
	(1104, '230712', '汤旺河区', 100, 'Tangwanghe Qu'),
	(1105, '230713', '带岭区', 100, 'Dailing Qu'),
	(1106, '230714', '乌伊岭区', 100, 'Wuyiling Qu'),
	(1107, '230715', '红星区', 100, 'Hongxing Qu'),
	(1108, '230716', '上甘岭区', 100, 'Shangganling Qu'),
	(1109, '230722', '嘉荫县', 100, 'Jiayin Xian'),
	(1110, '230781', '铁力市', 100, 'Tieli Shi'),
	(1111, '230801', '市辖区', 101, 'Shixiaqu'),
	(1113, '230803', '向阳区', 101, 'Xiangyang  Qu '),
	(1114, '230804', '前进区', 101, 'Qianjin Qu'),
	(1115, '230805', '东风区', 101, 'Dongfeng Qu'),
	(1116, '230811', '郊区', 101, 'Jiaoqu'),
	(1117, '230822', '桦南县', 101, 'Huanan Xian'),
	(1118, '230826', '桦川县', 101, 'Huachuan Xian'),
	(1119, '230828', '汤原县', 101, 'Tangyuan Xian'),
	(1120, '230833', '抚远县', 101, 'Fuyuan Xian'),
	(1121, '230881', '同江市', 101, 'Tongjiang Shi'),
	(1122, '230882', '富锦市', 101, 'Fujin Shi'),
	(1123, '230901', '市辖区', 102, 'Shixiaqu'),
	(1124, '230902', '新兴区', 102, 'Xinxing Qu'),
	(1125, '230903', '桃山区', 102, 'Taoshan Qu'),
	(1126, '230904', '茄子河区', 102, 'Qiezihe Qu'),
	(1127, '230921', '勃利县', 102, 'Boli Xian'),
	(1128, '231001', '市辖区', 103, 'Shixiaqu'),
	(1129, '231002', '东安区', 103, 'Dong,an Qu'),
	(1130, '231003', '阳明区', 103, 'Yangming Qu'),
	(1131, '231004', '爱民区', 103, 'Aimin Qu'),
	(1132, '231005', '西安区', 103, 'Xi,an Qu'),
	(1133, '231024', '东宁县', 103, 'Dongning Xian'),
	(1134, '231025', '林口县', 103, 'Linkou Xian'),
	(1135, '231081', '绥芬河市', 103, 'Suifenhe Shi'),
	(1136, '231083', '海林市', 103, 'Hailin Shi'),
	(1137, '231084', '宁安市', 103, 'Ning,an Shi'),
	(1138, '231085', '穆棱市', 103, 'Muling Shi'),
	(1139, '231101', '市辖区', 104, 'Shixiaqu'),
	(1140, '231102', '爱辉区', 104, 'Aihui Qu'),
	(1141, '231121', '嫩江县', 104, 'Nenjiang Xian'),
	(1142, '231123', '逊克县', 104, 'Xunke Xian'),
	(1143, '231124', '孙吴县', 104, 'Sunwu Xian'),
	(1144, '231181', '北安市', 104, 'Bei,an Shi'),
	(1145, '231182', '五大连池市', 104, 'Wudalianchi Shi'),
	(1146, '231201', '市辖区', 105, '1'),
	(1147, '231202', '北林区', 105, 'Beilin Qu'),
	(1148, '231221', '望奎县', 105, 'Wangkui Xian'),
	(1149, '231222', '兰西县', 105, 'Lanxi Xian'),
	(1150, '231223', '青冈县', 105, 'Qinggang Xian'),
	(1151, '231224', '庆安县', 105, 'Qing,an Xian'),
	(1152, '231225', '明水县', 105, 'Mingshui Xian'),
	(1153, '231226', '绥棱县', 105, 'Suileng Xian'),
	(1154, '231281', '安达市', 105, 'Anda Shi'),
	(1155, '231282', '肇东市', 105, 'Zhaodong Shi'),
	(1156, '231283', '海伦市', 105, 'Hailun Shi'),
	(1157, '232721', '呼玛县', 106, 'Huma Xian'),
	(1158, '232722', '塔河县', 106, 'Tahe Xian'),
	(1159, '232723', '漠河县', 106, 'Mohe Xian'),
	(1160, '310101', '黄浦区', 107, 'Huangpu Qu'),
	(1161, '310103', '卢湾区', 107, 'Luwan Qu'),
	(1162, '310104', '徐汇区', 107, 'Xuhui Qu'),
	(1163, '310105', '长宁区', 107, 'Changning Qu'),
	(1164, '310106', '静安区', 107, 'Jing,an Qu'),
	(1165, '310107', '普陀区', 107, 'Putuo Qu'),
	(1166, '310108', '闸北区', 107, 'Zhabei Qu'),
	(1167, '310109', '虹口区', 107, 'Hongkou Qu'),
	(1168, '310110', '杨浦区', 107, 'Yangpu Qu'),
	(1169, '310112', '闵行区', 107, 'Minhang Qu'),
	(1170, '310113', '宝山区', 107, 'Baoshan Qu'),
	(1171, '310114', '嘉定区', 107, 'Jiading Qu'),
	(1172, '310115', '浦东新区', 107, 'Pudong Xinqu'),
	(1173, '310116', '金山区', 107, 'Jinshan Qu'),
	(1174, '310117', '松江区', 107, 'Songjiang Qu'),
	(1175, '310118', '青浦区', 107, 'Qingpu  Qu'),
	(1177, '310120', '奉贤区', 107, 'Fengxian Qu'),
	(1178, '310230', '崇明县', 108, 'Chongming Xian'),
	(1179, '320101', '市辖区', 109, 'Shixiaqu'),
	(1180, '320102', '玄武区', 109, 'Xuanwu Qu'),
	(1181, '320103', '白下区', 109, 'Baixia Qu'),
	(1182, '320104', '秦淮区', 109, 'Qinhuai Qu'),
	(1183, '320105', '建邺区', 109, 'Jianye Qu'),
	(1184, '320106', '鼓楼区', 109, 'Gulou Qu'),
	(1185, '320107', '下关区', 109, 'Xiaguan Qu'),
	(1186, '320111', '浦口区', 109, 'Pukou Qu'),
	(1187, '320113', '栖霞区', 109, 'Qixia Qu'),
	(1188, '320114', '雨花台区', 109, 'Yuhuatai Qu'),
	(1189, '320115', '江宁区', 109, 'Jiangning Qu'),
	(1190, '320116', '六合区', 109, 'Liuhe Qu'),
	(1191, '320124', '溧水县', 109, 'Lishui Xian'),
	(1192, '320125', '高淳县', 109, 'Gaochun Xian'),
	(1193, '320201', '市辖区', 110, 'Shixiaqu'),
	(1194, '320202', '崇安区', 110, 'Chong,an Qu'),
	(1195, '320203', '南长区', 110, 'Nanchang Qu'),
	(1196, '320204', '北塘区', 110, 'Beitang Qu'),
	(1197, '320205', '锡山区', 110, 'Xishan Qu'),
	(1198, '320206', '惠山区', 110, 'Huishan Qu'),
	(1199, '320211', '滨湖区', 110, 'Binhu Qu'),
	(1200, '320281', '江阴市', 110, 'Jiangyin Shi'),
	(1201, '320282', '宜兴市', 110, 'Yixing Shi'),
	(1202, '320301', '市辖区', 111, 'Shixiaqu'),
	(1203, '320302', '鼓楼区', 111, 'Gulou Qu'),
	(1204, '320303', '云龙区', 111, 'Yunlong Qu'),
	(1206, '320305', '贾汪区', 111, 'Jiawang Qu'),
	(1207, '320311', '泉山区', 111, 'Quanshan Qu'),
	(1208, '320321', '丰县', 111, 'Feng Xian'),
	(1209, '320322', '沛县', 111, 'Pei Xian'),
	(1210, '320312', '铜山区', 111, 'Tongshan Xian'),
	(1211, '320324', '睢宁县', 111, 'Suining Xian'),
	(1212, '320381', '新沂市', 111, 'Xinyi Shi'),
	(1213, '320382', '邳州市', 111, 'Pizhou Shi'),
	(1214, '320401', '市辖区', 112, 'Shixiaqu'),
	(1215, '320402', '天宁区', 112, 'Tianning Qu'),
	(1216, '320404', '钟楼区', 112, 'Zhonglou Qu'),
	(1217, '320405', '戚墅堰区', 112, 'Qishuyan Qu'),
	(1218, '320411', '新北区', 112, 'Xinbei Qu'),
	(1219, '320412', '武进区', 112, 'Wujin Qu'),
	(1220, '320481', '溧阳市', 112, 'Liyang Shi'),
	(1221, '320482', '金坛市', 112, 'Jintan Shi'),
	(1222, '320501', '市辖区', 113, 'Shixiaqu'),
	(1223, '320502', '沧浪区', 113, 'Canglang Qu'),
	(1224, '320503', '平江区', 113, 'Pingjiang Qu'),
	(1225, '320504', '金阊区', 113, 'Jinchang Qu'),
	(1226, '320505', '虎丘区', 113, 'Huqiu Qu'),
	(1227, '320506', '吴中区', 113, 'Wuzhong Qu'),
	(1228, '320507', '相城区', 113, 'Xiangcheng Qu'),
	(1229, '320581', '常熟市', 113, 'Changshu Shi'),
	(1230, '320582', '张家港市', 113, 'Zhangjiagang Shi '),
	(1231, '320583', '昆山市', 113, 'Kunshan Shi'),
	(1232, '320584', '吴江市', 113, 'Wujiang Shi'),
	(1233, '320585', '太仓市', 113, 'Taicang Shi'),
	(1234, '320601', '市辖区', 114, 'Shixiaqu'),
	(1235, '320602', '崇川区', 114, 'Chongchuan Qu'),
	(1236, '320611', '港闸区', 114, 'Gangzha Qu'),
	(1237, '320621', '海安县', 114, 'Hai,an Xian'),
	(1238, '320623', '如东县', 114, 'Rudong Xian'),
	(1239, '320681', '启东市', 114, 'Qidong Shi'),
	(1240, '320682', '如皋市', 114, 'Rugao Shi'),
	(1241, '320612', '通州区', 114, 'Tongzhou Shi'),
	(1242, '320684', '海门市', 114, 'Haimen Shi'),
	(1243, '320701', '市辖区', 115, 'Shixiaqu'),
	(1244, '320703', '连云区', 115, 'Lianyun Qu'),
	(1245, '320705', '新浦区', 115, 'Xinpu Qu'),
	(1246, '320706', '海州区', 115, 'Haizhou Qu'),
	(1247, '320721', '赣榆县', 115, 'Ganyu Xian'),
	(1248, '320722', '东海县', 115, 'Donghai Xian'),
	(1249, '320723', '灌云县', 115, 'Guanyun Xian'),
	(1250, '320724', '灌南县', 115, 'Guannan Xian'),
	(1251, '320801', '市辖区', 116, 'Shixiaqu'),
	(1252, '320802', '清河区', 116, 'Qinghe Qu'),
	(1253, '320803', '楚州区', 116, 'Chuzhou Qu'),
	(1254, '320804', '淮阴区', 116, 'Huaiyin Qu'),
	(1255, '320811', '清浦区', 116, 'Qingpu Qu'),
	(1256, '320826', '涟水县', 116, 'Lianshui Xian'),
	(1257, '320829', '洪泽县', 116, 'Hongze Xian'),
	(1258, '320830', '盱眙县', 116, 'Xuyi Xian'),
	(1259, '320831', '金湖县', 116, 'Jinhu Xian'),
	(1260, '320901', '市辖区', 117, 'Shixiaqu'),
	(1261, '320902', '亭湖区', 117, 'Tinghu Qu'),
	(1262, '320903', '盐都区', 117, 'Yandu Qu'),
	(1263, '320921', '响水县', 117, 'Xiangshui Xian'),
	(1264, '320922', '滨海县', 117, 'Binhai Xian'),
	(1265, '320923', '阜宁县', 117, 'Funing Xian'),
	(1266, '320924', '射阳县', 117, 'Sheyang Xian'),
	(1267, '320925', '建湖县', 117, 'Jianhu Xian'),
	(1268, '320981', '东台市', 117, 'Dongtai Shi'),
	(1269, '320982', '大丰市', 117, 'Dafeng Shi'),
	(1270, '321001', '市辖区', 118, 'Shixiaqu'),
	(1271, '321002', '广陵区', 118, 'Guangling Qu'),
	(1272, '321003', '邗江区', 118, 'Hanjiang Qu'),
	(1273, '321011', '维扬区', 118, 'Weiyang Qu'),
	(1274, '321023', '宝应县', 118, 'Baoying Xian '),
	(1275, '321081', '仪征市', 118, 'Yizheng Shi'),
	(1276, '321084', '高邮市', 118, 'Gaoyou Shi'),
	(1277, '321088', '江都市', 118, 'Jiangdu Shi'),
	(1278, '321101', '市辖区', 119, 'Shixiaqu'),
	(1279, '321102', '京口区', 119, 'Jingkou Qu'),
	(1280, '321111', '润州区', 119, 'Runzhou Qu'),
	(1281, '321112', '丹徒区', 119, 'Dantu Qu'),
	(1282, '321181', '丹阳市', 119, 'Danyang Xian'),
	(1283, '321182', '扬中市', 119, 'Yangzhong Shi'),
	(1284, '321183', '句容市', 119, 'Jurong Shi'),
	(1285, '321201', '市辖区', 120, 'Shixiaqu'),
	(1286, '321202', '海陵区', 120, 'Hailing Qu'),
	(1287, '321203', '高港区', 120, 'Gaogang Qu'),
	(1288, '321281', '兴化市', 120, 'Xinghua Shi'),
	(1289, '321282', '靖江市', 120, 'Jingjiang Shi'),
	(1290, '321283', '泰兴市', 120, 'Taixing Shi'),
	(1291, '321284', '姜堰市', 120, 'Jiangyan Shi'),
	(1292, '321301', '市辖区', 121, 'Shixiaqu'),
	(1293, '321302', '宿城区', 121, 'Sucheng Qu'),
	(1294, '321311', '宿豫区', 121, 'Suyu Qu'),
	(1295, '321322', '沭阳县', 121, 'Shuyang Xian'),
	(1296, '321323', '泗阳县', 121, 'Siyang Xian '),
	(1297, '321324', '泗洪县', 121, 'Sihong Xian'),
	(1298, '330101', '市辖区', 122, 'Shixiaqu'),
	(1299, '330102', '上城区', 122, 'Shangcheng Qu'),
	(1300, '330103', '下城区', 122, 'Xiacheng Qu'),
	(1301, '330104', '江干区', 122, 'Jianggan Qu'),
	(1302, '330105', '拱墅区', 122, 'Gongshu Qu'),
	(1303, '330106', '西湖区', 122, 'Xihu Qu '),
	(1304, '330108', '滨江区', 122, 'Binjiang Qu'),
	(1305, '330109', '萧山区', 122, 'Xiaoshan Qu'),
	(1306, '330110', '余杭区', 122, 'Yuhang Qu'),
	(1307, '330122', '桐庐县', 122, 'Tonglu Xian'),
	(1308, '330127', '淳安县', 122, 'Chun,an Xian'),
	(1309, '330182', '建德市', 122, 'Jiande Shi'),
	(1310, '330183', '富阳市', 122, 'Fuyang Shi'),
	(1311, '330185', '临安市', 122, 'Lin,an Shi'),
	(1312, '330201', '市辖区', 123, 'Shixiaqu'),
	(1313, '330203', '海曙区', 123, 'Haishu Qu'),
	(1314, '330204', '江东区', 123, 'Jiangdong Qu'),
	(1315, '330205', '江北区', 123, 'Jiangbei Qu'),
	(1316, '330206', '北仑区', 123, 'Beilun Qu'),
	(1317, '330211', '镇海区', 123, 'Zhenhai Qu'),
	(1318, '330212', '鄞州区', 123, 'Yinzhou Qu'),
	(1319, '330225', '象山县', 123, 'Xiangshan Xian'),
	(1320, '330226', '宁海县', 123, 'Ninghai Xian'),
	(1321, '330281', '余姚市', 123, 'Yuyao Shi'),
	(1322, '330282', '慈溪市', 123, 'Cixi Shi'),
	(1323, '330283', '奉化市', 123, 'Fenghua Shi'),
	(1324, '330301', '市辖区', 124, 'Shixiaqu'),
	(1325, '330302', '鹿城区', 124, 'Lucheng Qu'),
	(1326, '330303', '龙湾区', 124, 'Longwan Qu'),
	(1327, '330304', '瓯海区', 124, 'Ouhai Qu'),
	(1328, '330322', '洞头县', 124, 'Dongtou Xian'),
	(1329, '330324', '永嘉县', 124, 'Yongjia Xian'),
	(1330, '330326', '平阳县', 124, 'Pingyang Xian'),
	(1331, '330327', '苍南县', 124, 'Cangnan Xian'),
	(1332, '330328', '文成县', 124, 'Wencheng Xian'),
	(1333, '330329', '泰顺县', 124, 'Taishun Xian'),
	(1334, '330381', '瑞安市', 124, 'Rui,an Xian'),
	(1335, '330382', '乐清市', 124, 'Yueqing Shi'),
	(1336, '330401', '市辖区', 125, 'Shixiaqu'),
	(1338, '330411', '秀洲区', 125, 'Xiuzhou Qu'),
	(1339, '330421', '嘉善县', 125, 'Jiashan Xian'),
	(1340, '330424', '海盐县', 125, 'Haiyan Xian'),
	(1341, '330481', '海宁市', 125, 'Haining Shi'),
	(1342, '330482', '平湖市', 125, 'Pinghu Shi'),
	(1343, '330483', '桐乡市', 125, 'Tongxiang Shi'),
	(1344, '330501', '市辖区', 126, 'Shixiaqu'),
	(1345, '330502', '吴兴区', 126, 'Wuxing Qu'),
	(1346, '330503', '南浔区', 126, 'Nanxun Qu'),
	(1347, '330521', '德清县', 126, 'Deqing Xian'),
	(1348, '330522', '长兴县', 126, 'Changxing Xian'),
	(1349, '330523', '安吉县', 126, 'Anji Xian'),
	(1350, '330601', '市辖区', 127, 'Shixiaqu'),
	(1351, '330602', '越城区', 127, 'Yuecheng Qu'),
	(1352, '330621', '绍兴县', 127, 'Shaoxing Xian'),
	(1353, '330624', '新昌县', 127, 'Xinchang Xian'),
	(1354, '330681', '诸暨市', 127, 'Zhuji Shi'),
	(1355, '330682', '上虞市', 127, 'Shangyu Shi'),
	(1356, '330683', '嵊州市', 127, 'Shengzhou Shi'),
	(1357, '330701', '市辖区', 128, 'Shixiaqu'),
	(1358, '330702', '婺城区', 128, 'Wucheng Qu'),
	(1359, '330703', '金东区', 128, 'Jindong Qu'),
	(1360, '330723', '武义县', 128, 'Wuyi Xian'),
	(1361, '330726', '浦江县', 128, 'Pujiang Xian '),
	(1362, '330727', '磐安县', 128, 'Pan,an Xian'),
	(1363, '330781', '兰溪市', 128, 'Lanxi Shi'),
	(1364, '330782', '义乌市', 128, 'Yiwu Shi'),
	(1365, '330783', '东阳市', 128, 'Dongyang Shi'),
	(1366, '330784', '永康市', 128, 'Yongkang Shi'),
	(1367, '330801', '市辖区', 129, 'Shixiaqu'),
	(1368, '330802', '柯城区', 129, 'Kecheng Qu'),
	(1369, '330803', '衢江区', 129, 'Qujiang Qu'),
	(1370, '330822', '常山县', 129, 'Changshan Xian'),
	(1371, '330824', '开化县', 129, 'Kaihua Xian'),
	(1372, '330825', '龙游县', 129, 'Longyou Xian '),
	(1373, '330881', '江山市', 129, 'Jiangshan Shi'),
	(1374, '330901', '市辖区', 130, 'Shixiaqu'),
	(1375, '330902', '定海区', 130, 'Dinghai Qu'),
	(1376, '330903', '普陀区', 130, 'Putuo Qu'),
	(1377, '330921', '岱山县', 130, 'Daishan Xian'),
	(1378, '330922', '嵊泗县', 130, 'Shengsi Xian'),
	(1379, '331001', '市辖区', 131, 'Shixiaqu'),
	(1380, '331002', '椒江区', 131, 'Jiaojiang Qu'),
	(1381, '331003', '黄岩区', 131, 'Huangyan Qu'),
	(1382, '331004', '路桥区', 131, 'Luqiao Qu'),
	(1383, '331021', '玉环县', 131, 'Yuhuan Xian'),
	(1384, '331022', '三门县', 131, 'Sanmen Xian'),
	(1385, '331023', '天台县', 131, 'Tiantai Xian'),
	(1386, '331024', '仙居县', 131, 'Xianju Xian'),
	(1387, '331081', '温岭市', 131, 'Wenling Shi'),
	(1388, '331082', '临海市', 131, 'Linhai Shi'),
	(1389, '331101', '市辖区', 132, '1'),
	(1390, '331102', '莲都区', 132, 'Liandu Qu'),
	(1391, '331121', '青田县', 132, 'Qingtian Xian'),
	(1392, '331122', '缙云县', 132, 'Jinyun Xian'),
	(1393, '331123', '遂昌县', 132, 'Suichang Xian'),
	(1394, '331124', '松阳县', 132, 'Songyang Xian'),
	(1395, '331125', '云和县', 132, 'Yunhe Xian'),
	(1396, '331126', '庆元县', 132, 'Qingyuan Xian'),
	(1397, '331127', '景宁畲族自治县', 132, 'Jingning Shezu Zizhixian'),
	(1398, '331181', '龙泉市', 132, 'Longquan Shi'),
	(1399, '340101', '市辖区', 133, 'Shixiaqu'),
	(1400, '340102', '瑶海区', 133, 'Yaohai Qu'),
	(1401, '340103', '庐阳区', 133, 'Luyang Qu'),
	(1402, '340104', '蜀山区', 133, 'Shushan Qu'),
	(1403, '340111', '包河区', 133, 'Baohe Qu'),
	(1404, '340121', '长丰县', 133, 'Changfeng Xian'),
	(1405, '340122', '肥东县', 133, 'Feidong Xian'),
	(1406, '340123', '肥西县', 133, 'Feixi Xian'),
	(1407, '340201', '市辖区', 1412, 'Shixiaqu'),
	(1408, '340202', '镜湖区', 1412, 'Jinghu Qu'),
	(1409, '340208', '三山区', 1412, 'Matang Qu'),
	(1410, '340203', '弋江区', 1412, 'Xinwu Qu'),
	(1411, '340207', '鸠江区', 1412, 'Jiujiang Qu'),
	(1412, '340200', '芜湖市', 134, 'Wuhu Shi'),
	(1413, '340222', '繁昌县', 1412, 'Fanchang Xian'),
	(1414, '340223', '南陵县', 1412, 'Nanling Xian'),
	(1415, '340301', '市辖区', 135, 'Shixiaqu'),
	(1416, '340302', '龙子湖区', 135, 'Longzihu Qu'),
	(1417, '340303', '蚌山区', 135, 'Bangshan Qu'),
	(1418, '340304', '禹会区', 135, 'Yuhui Qu'),
	(1419, '340311', '淮上区', 135, 'Huaishang Qu'),
	(1420, '340321', '怀远县', 135, 'Huaiyuan Qu'),
	(1421, '340322', '五河县', 135, 'Wuhe Xian'),
	(1422, '340323', '固镇县', 135, 'Guzhen Xian'),
	(1423, '340401', '市辖区', 136, 'Shixiaqu'),
	(1424, '340402', '大通区', 136, 'Datong Qu'),
	(1425, '340403', '田家庵区', 136, 'Tianjia,an Qu'),
	(1426, '340404', '谢家集区', 136, 'Xiejiaji Qu'),
	(1427, '340405', '八公山区', 136, 'Bagongshan Qu'),
	(1428, '340406', '潘集区', 136, 'Panji Qu'),
	(1429, '340421', '凤台县', 136, 'Fengtai Xian'),
	(1430, '340501', '市辖区', 137, 'Shixiaqu'),
	(1431, '340502', '金家庄区', 137, 'Jinjiazhuang Qu'),
	(1432, '340503', '花山区', 137, 'Huashan Qu'),
	(1433, '340504', '雨山区', 137, 'Yushan Qu'),
	(1434, '340521', '当涂县', 137, 'Dangtu Xian'),
	(1435, '340601', '市辖区', 138, 'Shixiaqu'),
	(1436, '340602', '杜集区', 138, 'Duji Qu'),
	(1437, '340603', '相山区', 138, 'Xiangshan Qu'),
	(1438, '340604', '烈山区', 138, 'Lieshan Qu'),
	(1439, '340621', '濉溪县', 138, 'Suixi Xian'),
	(1440, '340701', '市辖区', 139, 'Shixiaqu'),
	(1441, '340702', '铜官山区', 139, 'Tongguanshan Qu'),
	(1442, '340703', '狮子山区', 139, 'Shizishan Qu'),
	(1443, '340711', '郊区', 139, 'Jiaoqu'),
	(1444, '340721', '铜陵县', 139, 'Tongling Xian'),
	(1445, '340801', '市辖区', 140, 'Shixiaqu'),
	(1446, '340802', '迎江区', 140, 'Yingjiang Qu'),
	(1447, '340803', '大观区', 140, 'Daguan Qu'),
	(1448, '340811', '宜秀区', 140, 'Yixiu Qu'),
	(1449, '340822', '怀宁县', 140, 'Huaining Xian'),
	(1450, '340823', '枞阳县', 140, 'Zongyang Xian'),
	(1451, '340824', '潜山县', 140, 'Qianshan Xian'),
	(1452, '340825', '太湖县', 140, 'Taihu Xian'),
	(1453, '340826', '宿松县', 140, 'Susong Xian'),
	(1454, '340827', '望江县', 140, 'Wangjiang Xian'),
	(1455, '340828', '岳西县', 140, 'Yuexi Xian'),
	(1456, '340881', '桐城市', 140, 'Tongcheng Shi'),
	(1457, '341001', '市辖区', 141, 'Shixiaqu'),
	(1458, '341002', '屯溪区', 141, 'Tunxi Qu'),
	(1459, '341003', '黄山区', 141, 'Huangshan Qu'),
	(1460, '341004', '徽州区', 141, 'Huizhou Qu'),
	(1461, '341021', '歙县', 141, 'She Xian'),
	(1462, '341022', '休宁县', 141, 'Xiuning Xian'),
	(1463, '341023', '黟县', 141, 'Yi Xian'),
	(1464, '341024', '祁门县', 141, 'Qimen Xian'),
	(1465, '341101', '市辖区', 142, 'Shixiaqu'),
	(1466, '341102', '琅琊区', 142, 'Langya Qu'),
	(1467, '341103', '南谯区', 142, 'Nanqiao Qu'),
	(1468, '341122', '来安县', 142, 'Lai,an Xian'),
	(1469, '341124', '全椒县', 142, 'Quanjiao Xian'),
	(1470, '341125', '定远县', 142, 'Dingyuan Xian'),
	(1471, '341126', '凤阳县', 142, 'Fengyang Xian'),
	(1472, '341181', '天长市', 142, 'Tianchang Shi'),
	(1473, '341182', '明光市', 142, 'Mingguang Shi'),
	(1474, '341201', '市辖区', 143, 'Shixiaqu'),
	(1475, '341202', '颍州区', 143, 'Yingzhou Qu'),
	(1476, '341203', '颍东区', 143, 'Yingdong Qu'),
	(1477, '341204', '颍泉区', 143, 'Yingquan Qu'),
	(1478, '341221', '临泉县', 143, 'Linquan Xian'),
	(1479, '341222', '太和县', 143, 'Taihe Xian'),
	(1480, '341225', '阜南县', 143, 'Funan Xian'),
	(1481, '341226', '颍上县', 143, 'Yingshang Xian'),
	(1482, '341282', '界首市', 143, 'Jieshou Shi'),
	(1483, '341301', '市辖区', 144, 'Shixiaqu'),
	(1484, '341302', '埇桥区', 144, 'Yongqiao Qu'),
	(1485, '341321', '砀山县', 144, 'Dangshan Xian'),
	(1486, '341322', '萧县', 144, 'Xiao Xian'),
	(1487, '341323', '灵璧县', 144, 'Lingbi Xian'),
	(1488, '341324', '泗县', 144, 'Si Xian '),
	(1489, '341401', '市辖区', 145, '1'),
	(1490, '341402', '居巢区', 145, 'Juchao Qu'),
	(1491, '341421', '庐江县', 145, 'Lujiang Xian'),
	(1492, '341422', '无为县', 145, 'Wuwei Xian'),
	(1493, '341423', '含山县', 145, 'Hanshan Xian'),
	(1494, '341424', '和县', 145, 'He Xian '),
	(1495, '341501', '市辖区', 146, '1'),
	(1496, '341502', '金安区', 146, 'Jinan Qu'),
	(1497, '341503', '裕安区', 146, 'Yuan Qu'),
	(1498, '341521', '寿县', 146, 'Shou Xian'),
	(1499, '341522', '霍邱县', 146, 'Huoqiu Xian'),
	(1500, '341523', '舒城县', 146, 'Shucheng Xian'),
	(1501, '341524', '金寨县', 146, 'Jingzhai Xian'),
	(1502, '341525', '霍山县', 146, 'Huoshan Xian'),
	(1503, '341601', '市辖区', 147, '1'),
	(1504, '341602', '谯城区', 147, 'Qiaocheng Qu'),
	(1505, '341621', '涡阳县', 147, 'Guoyang Xian'),
	(1506, '341622', '蒙城县', 147, 'Mengcheng Xian'),
	(1507, '341623', '利辛县', 147, 'Lixin Xian'),
	(1508, '341701', '市辖区', 148, '1'),
	(1509, '341702', '贵池区', 148, 'Guichi Qu'),
	(1510, '341721', '东至县', 148, 'Dongzhi Xian'),
	(1511, '341722', '石台县', 148, 'Shitai Xian'),
	(1512, '341723', '青阳县', 148, 'Qingyang Xian'),
	(1513, '341801', '市辖区', 149, '1'),
	(1514, '341802', '宣州区', 149, 'Xuanzhou Qu'),
	(1515, '341821', '郎溪县', 149, 'Langxi Xian'),
	(1516, '341822', '广德县', 149, 'Guangde Xian'),
	(1517, '341823', '泾县', 149, 'Jing Xian'),
	(1518, '341824', '绩溪县', 149, 'Jixi Xian'),
	(1519, '341825', '旌德县', 149, 'Jingde Xian'),
	(1520, '341881', '宁国市', 149, 'Ningguo Shi'),
	(1521, '350101', '市辖区', 150, 'Shixiaqu'),
	(1522, '350102', '鼓楼区', 150, 'Gulou Qu'),
	(1523, '350103', '台江区', 150, 'Taijiang Qu'),
	(1524, '350104', '仓山区', 150, 'Cangshan Qu'),
	(1525, '350105', '马尾区', 150, 'Mawei Qu'),
	(1526, '350111', '晋安区', 150, 'Jin,an Qu'),
	(1527, '350121', '闽侯县', 150, 'Minhou Qu'),
	(1528, '350122', '连江县', 150, 'Lianjiang Xian'),
	(1529, '350123', '罗源县', 150, 'Luoyuan Xian'),
	(1530, '350124', '闽清县', 150, 'Minqing Xian'),
	(1531, '350125', '永泰县', 150, 'Yongtai Xian'),
	(1532, '350128', '平潭县', 150, 'Pingtan Xian'),
	(1533, '350181', '福清市', 150, 'Fuqing Shi'),
	(1534, '350182', '长乐市', 150, 'Changle Shi'),
	(1535, '350201', '市辖区', 151, 'Shixiaqu'),
	(1536, '350203', '思明区', 151, 'Siming Qu'),
	(1537, '350205', '海沧区', 151, 'Haicang Qu'),
	(1538, '350206', '湖里区', 151, 'Huli Qu'),
	(1539, '350211', '集美区', 151, 'Jimei Qu'),
	(1540, '350212', '同安区', 151, 'Tong,an Qu'),
	(1541, '350213', '翔安区', 151, 'Xiangan Qu'),
	(1542, '350301', '市辖区', 152, 'Shixiaqu'),
	(1543, '350302', '城厢区', 152, 'Chengxiang Qu'),
	(1544, '350303', '涵江区', 152, 'Hanjiang Qu'),
	(1545, '350304', '荔城区', 152, 'Licheng Qu'),
	(1546, '350305', '秀屿区', 152, 'Xiuyu Qu'),
	(1547, '350322', '仙游县', 152, 'Xianyou Xian'),
	(1548, '350401', '市辖区', 153, 'Shixiaqu'),
	(1549, '350402', '梅列区', 153, 'Meilie Qu'),
	(1550, '350403', '三元区', 153, 'Sanyuan Qu'),
	(1551, '350421', '明溪县', 153, 'Mingxi Xian'),
	(1552, '350423', '清流县', 153, 'Qingliu Xian'),
	(1553, '350424', '宁化县', 153, 'Ninghua Xian'),
	(1554, '350425', '大田县', 153, 'Datian Xian'),
	(1555, '350426', '尤溪县', 153, 'Youxi Xian'),
	(1556, '350427', '沙县', 153, 'Sha Xian'),
	(1557, '350428', '将乐县', 153, 'Jiangle Xian'),
	(1558, '350429', '泰宁县', 153, 'Taining Xian'),
	(1559, '350430', '建宁县', 153, 'Jianning Xian'),
	(1560, '350481', '永安市', 153, 'Yong,an Shi'),
	(1561, '350501', '市辖区', 154, 'Shixiaqu'),
	(1562, '350502', '鲤城区', 154, 'Licheng Qu'),
	(1563, '350503', '丰泽区', 154, 'Fengze Qu'),
	(1564, '350504', '洛江区', 154, 'Luojiang Qu'),
	(1565, '350505', '泉港区', 154, 'Quangang Qu'),
	(1566, '350521', '惠安县', 154, 'Hui,an Xian'),
	(1567, '350524', '安溪县', 154, 'Anxi Xian'),
	(1568, '350525', '永春县', 154, 'Yongchun Xian'),
	(1569, '350526', '德化县', 154, 'Dehua Xian'),
	(1570, '350527', '金门县', 154, 'Jinmen Xian'),
	(1571, '350581', '石狮市', 154, 'Shishi Shi'),
	(1572, '350582', '晋江市', 154, 'Jinjiang Shi'),
	(1573, '350583', '南安市', 154, 'Nan,an Shi'),
	(1574, '350601', '市辖区', 155, 'Shixiaqu'),
	(1575, '350602', '芗城区', 155, 'Xiangcheng Qu'),
	(1576, '350603', '龙文区', 155, 'Longwen Qu'),
	(1577, '350622', '云霄县', 155, 'Yunxiao Xian'),
	(1578, '350623', '漳浦县', 155, 'Zhangpu Xian'),
	(1579, '350624', '诏安县', 155, 'Zhao,an Xian'),
	(1580, '350625', '长泰县', 155, 'Changtai Xian'),
	(1581, '350626', '东山县', 155, 'Dongshan Xian'),
	(1582, '350627', '南靖县', 155, 'Nanjing Xian'),
	(1583, '350628', '平和县', 155, 'Pinghe Xian'),
	(1584, '350629', '华安县', 155, 'Hua,an Xian'),
	(1585, '350681', '龙海市', 155, 'Longhai Shi'),
	(1586, '350701', '市辖区', 156, 'Shixiaqu'),
	(1587, '350702', '延平区', 156, 'Yanping Qu'),
	(1588, '350721', '顺昌县', 156, 'Shunchang Xian'),
	(1589, '350722', '浦城县', 156, 'Pucheng Xian'),
	(1590, '350723', '光泽县', 156, 'Guangze Xian'),
	(1591, '350724', '松溪县', 156, 'Songxi Xian'),
	(1592, '350725', '政和县', 156, 'Zhenghe Xian'),
	(1593, '350781', '邵武市', 156, 'Shaowu Shi'),
	(1594, '350782', '武夷山市', 156, 'Wuyishan Shi'),
	(1595, '350783', '建瓯市', 156, 'Jian,ou Shi'),
	(1596, '350784', '建阳市', 156, 'Jianyang Shi'),
	(1597, '350801', '市辖区', 157, 'Shixiaqu'),
	(1598, '350802', '新罗区', 157, 'Xinluo Qu'),
	(1599, '350821', '长汀县', 157, 'Changting Xian'),
	(1600, '350822', '永定县', 157, 'Yongding Xian'),
	(1601, '350823', '上杭县', 157, 'Shanghang Xian'),
	(1602, '350824', '武平县', 157, 'Wuping Xian'),
	(1603, '350825', '连城县', 157, 'Liancheng Xian'),
	(1604, '350881', '漳平市', 157, 'Zhangping Xian'),
	(1605, '350901', '市辖区', 158, '1'),
	(1606, '350902', '蕉城区', 158, 'Jiaocheng Qu'),
	(1607, '350921', '霞浦县', 158, 'Xiapu Xian'),
	(1608, '350922', '古田县', 158, 'Gutian Xian'),
	(1609, '350923', '屏南县', 158, 'Pingnan Xian'),
	(1610, '350924', '寿宁县', 158, 'Shouning Xian'),
	(1611, '350925', '周宁县', 158, 'Zhouning Xian'),
	(1612, '350926', '柘荣县', 158, 'Zherong Xian'),
	(1613, '350981', '福安市', 158, 'Fu,an Shi'),
	(1614, '350982', '福鼎市', 158, 'Fuding Shi'),
	(1615, '360101', '市辖区', 159, 'Shixiaqu'),
	(1616, '360102', '东湖区', 159, 'Donghu Qu'),
	(1617, '360103', '西湖区', 159, 'Xihu Qu '),
	(1618, '360104', '青云谱区', 159, 'Qingyunpu Qu'),
	(1619, '360105', '湾里区', 159, 'Wanli Qu'),
	(1620, '360111', '青山湖区', 159, 'Qingshanhu Qu'),
	(1621, '360121', '南昌县', 159, 'Nanchang Xian'),
	(1622, '360122', '新建县', 159, 'Xinjian Xian'),
	(1623, '360123', '安义县', 159, 'Anyi Xian'),
	(1624, '360124', '进贤县', 159, 'Jinxian Xian'),
	(1625, '360201', '市辖区', 160, 'Shixiaqu'),
	(1626, '360202', '昌江区', 160, 'Changjiang Qu'),
	(1627, '360203', '珠山区', 160, 'Zhushan Qu'),
	(1628, '360222', '浮梁县', 160, 'Fuliang Xian'),
	(1629, '360281', '乐平市', 160, 'Leping Shi'),
	(1630, '360301', '市辖区', 161, 'Shixiaqu'),
	(1631, '360302', '安源区', 161, 'Anyuan Qu'),
	(1632, '360313', '湘东区', 161, 'Xiangdong Qu'),
	(1633, '360321', '莲花县', 161, 'Lianhua Xian'),
	(1634, '360322', '上栗县', 161, 'Shangli Xian'),
	(1635, '360323', '芦溪县', 161, 'Lixi Xian'),
	(1636, '360401', '市辖区', 162, 'Shixiaqu'),
	(1637, '360402', '庐山区', 162, 'Lushan Qu'),
	(1638, '360403', '浔阳区', 162, 'Xunyang Qu'),
	(1639, '360421', '九江县', 162, 'Jiujiang Xian'),
	(1640, '360423', '武宁县', 162, 'Wuning Xian'),
	(1641, '360424', '修水县', 162, 'Xiushui Xian'),
	(1642, '360425', '永修县', 162, 'Yongxiu Xian'),
	(1643, '360426', '德安县', 162, 'De,an Xian'),
	(1644, '360427', '星子县', 162, 'Xingzi Xian'),
	(1645, '360428', '都昌县', 162, 'Duchang Xian'),
	(1646, '360429', '湖口县', 162, 'Hukou Xian'),
	(1647, '360430', '彭泽县', 162, 'Pengze Xian'),
	(1648, '360481', '瑞昌市', 162, 'Ruichang Shi'),
	(1649, '360501', '市辖区', 163, 'Shixiaqu'),
	(1650, '360502', '渝水区', 163, 'Yushui Qu'),
	(1651, '360521', '分宜县', 163, 'Fenyi Xian'),
	(1652, '360601', '市辖区', 164, 'Shixiaqu'),
	(1653, '360602', '月湖区', 164, 'Yuehu Qu'),
	(1654, '360622', '余江县', 164, 'Yujiang Xian'),
	(1655, '360681', '贵溪市', 164, 'Guixi Shi'),
	(1656, '360701', '市辖区', 165, 'Shixiaqu'),
	(1657, '360702', '章贡区', 165, 'Zhanggong Qu'),
	(1658, '360721', '赣县', 165, 'Gan Xian'),
	(1659, '360722', '信丰县', 165, 'Xinfeng Xian '),
	(1660, '360723', '大余县', 165, 'Dayu Xian'),
	(1661, '360724', '上犹县', 165, 'Shangyou Xian'),
	(1662, '360725', '崇义县', 165, 'Chongyi Xian'),
	(1663, '360726', '安远县', 165, 'Anyuan Xian'),
	(1664, '360727', '龙南县', 165, 'Longnan Xian'),
	(1665, '360728', '定南县', 165, 'Dingnan Xian'),
	(1666, '360729', '全南县', 165, 'Quannan Xian'),
	(1667, '360730', '宁都县', 165, 'Ningdu Xian'),
	(1668, '360731', '于都县', 165, 'Yudu Xian'),
	(1669, '360732', '兴国县', 165, 'Xingguo Xian'),
	(1670, '360733', '会昌县', 165, 'Huichang Xian'),
	(1671, '360734', '寻乌县', 165, 'Xunwu Xian'),
	(1672, '360735', '石城县', 165, 'Shicheng Xian'),
	(1673, '360781', '瑞金市', 165, 'Ruijin Shi'),
	(1674, '360782', '南康市', 165, 'Nankang Shi'),
	(1675, '360801', '市辖区', 166, '1'),
	(1676, '360802', '吉州区', 166, 'Jizhou Qu'),
	(1677, '360803', '青原区', 166, 'Qingyuan Qu'),
	(1678, '360821', '吉安县', 166, 'Ji,an Xian'),
	(1679, '360822', '吉水县', 166, 'Jishui Xian'),
	(1680, '360823', '峡江县', 166, 'Xiajiang Xian'),
	(1681, '360824', '新干县', 166, 'Xingan Xian'),
	(1682, '360825', '永丰县', 166, 'Yongfeng Xian'),
	(1683, '360826', '泰和县', 166, 'Taihe Xian'),
	(1684, '360827', '遂川县', 166, 'Suichuan Xian'),
	(1685, '360828', '万安县', 166, 'Wan,an Xian'),
	(1686, '360829', '安福县', 166, 'Anfu Xian'),
	(1687, '360830', '永新县', 166, 'Yongxin Xian '),
	(1688, '360881', '井冈山市', 166, 'Jinggangshan Shi'),
	(1689, '360901', '市辖区', 167, '1'),
	(1690, '360902', '袁州区', 167, 'Yuanzhou Qu'),
	(1691, '360921', '奉新县', 167, 'Fengxin Xian'),
	(1692, '360922', '万载县', 167, 'Wanzai Xian'),
	(1693, '360923', '上高县', 167, 'Shanggao Xian'),
	(1694, '360924', '宜丰县', 167, 'Yifeng Xian'),
	(1695, '360925', '靖安县', 167, 'Jing,an Xian'),
	(1696, '360926', '铜鼓县', 167, 'Tonggu Xian'),
	(1697, '360981', '丰城市', 167, 'Fengcheng Shi'),
	(1698, '360982', '樟树市', 167, 'Zhangshu Shi'),
	(1699, '360983', '高安市', 167, 'Gao,an Shi'),
	(1700, '361001', '市辖区', 168, '1'),
	(1701, '361002', '临川区', 168, 'Linchuan Qu'),
	(1702, '361021', '南城县', 168, 'Nancheng Xian'),
	(1703, '361022', '黎川县', 168, 'Lichuan Xian'),
	(1704, '361023', '南丰县', 168, 'Nanfeng Xian'),
	(1705, '361024', '崇仁县', 168, 'Chongren Xian'),
	(1706, '361025', '乐安县', 168, 'Le,an Xian'),
	(1707, '361026', '宜黄县', 168, 'Yihuang Xian'),
	(1708, '361027', '金溪县', 168, 'Jinxi Xian'),
	(1709, '361028', '资溪县', 168, 'Zixi Xian'),
	(1710, '361029', '东乡县', 168, 'Dongxiang Xian'),
	(1711, '361030', '广昌县', 168, 'Guangchang Xian'),
	(1712, '361101', '市辖区', 169, '1'),
	(1713, '361102', '信州区', 169, 'Xinzhou Qu'),
	(1714, '361121', '上饶县', 169, 'Shangrao Xian '),
	(1715, '361122', '广丰县', 169, 'Guangfeng Xian'),
	(1716, '361123', '玉山县', 169, 'Yushan Xian'),
	(1717, '361124', '铅山县', 169, 'Qianshan Xian'),
	(1718, '361125', '横峰县', 169, 'Hengfeng Xian'),
	(1719, '361126', '弋阳县', 169, 'Yiyang Xian'),
	(1720, '361127', '余干县', 169, 'Yugan Xian'),
	(1721, '361128', '鄱阳县', 169, 'Poyang Xian'),
	(1722, '361129', '万年县', 169, 'Wannian Xian'),
	(1723, '361130', '婺源县', 169, 'Wuyuan Xian'),
	(1724, '361181', '德兴市', 169, 'Dexing Shi'),
	(1725, '370101', '市辖区', 170, 'Shixiaqu'),
	(1726, '370102', '历下区', 170, 'Lixia Qu'),
	(1727, '370101', '市中区', 170, 'Shizhong Qu'),
	(1728, '370104', '槐荫区', 170, 'Huaiyin Qu'),
	(1729, '370105', '天桥区', 170, 'Tianqiao Qu'),
	(1730, '370112', '历城区', 170, 'Licheng Qu'),
	(1731, '370113', '长清区', 170, 'Changqing Qu'),
	(1732, '370124', '平阴县', 170, 'Pingyin Xian'),
	(1733, '370125', '济阳县', 170, 'Jiyang Xian'),
	(1734, '370126', '商河县', 170, 'Shanghe Xian'),
	(1735, '370181', '章丘市', 170, 'Zhangqiu Shi'),
	(1736, '370201', '市辖区', 171, 'Shixiaqu'),
	(1737, '370202', '市南区', 171, 'Shinan Qu'),
	(1738, '370203', '市北区', 171, 'Shibei Qu'),
	(1739, '370205', '四方区', 171, 'Sifang Qu'),
	(1740, '370211', '黄岛区', 171, 'Huangdao Qu'),
	(1741, '370212', '崂山区', 171, 'Laoshan Qu'),
	(1742, '370213', '李沧区', 171, 'Licang Qu'),
	(1743, '370214', '城阳区', 171, 'Chengyang Qu'),
	(1744, '370281', '胶州市', 171, 'Jiaozhou Shi'),
	(1745, '370282', '即墨市', 171, 'Jimo Shi'),
	(1746, '370283', '平度市', 171, 'Pingdu Shi'),
	(1747, '370284', '胶南市', 171, 'Jiaonan Shi'),
	(1748, '370285', '莱西市', 171, 'Laixi Shi'),
	(1749, '370301', '市辖区', 172, 'Shixiaqu'),
	(1750, '370302', '淄川区', 172, 'Zichuan Qu'),
	(1751, '370303', '张店区', 172, 'Zhangdian Qu'),
	(1752, '370304', '博山区', 172, 'Boshan Qu'),
	(1753, '370305', '临淄区', 172, 'Linzi Qu'),
	(1754, '370306', '周村区', 172, 'Zhoucun Qu'),
	(1755, '370321', '桓台县', 172, 'Huantai Xian'),
	(1756, '370322', '高青县', 172, 'Gaoqing Xian'),
	(1757, '370323', '沂源县', 172, 'Yiyuan Xian'),
	(1758, '370401', '市辖区', 173, 'Shixiaqu'),
	(1759, '370402', '市中区', 173, 'Shizhong Qu'),
	(1760, '370403', '薛城区', 173, 'Xuecheng Qu'),
	(1761, '370404', '峄城区', 173, 'Yicheng Qu'),
	(1762, '370405', '台儿庄区', 173, 'Tai,erzhuang Qu'),
	(1763, '370406', '山亭区', 173, 'Shanting Qu'),
	(1764, '370481', '滕州市', 173, 'Tengzhou Shi'),
	(1765, '370501', '市辖区', 174, 'Shixiaqu'),
	(1766, '370502', '东营区', 174, 'Dongying Qu'),
	(1767, '370503', '河口区', 174, 'Hekou Qu'),
	(1768, '370521', '垦利县', 174, 'Kenli Xian'),
	(1769, '370522', '利津县', 174, 'Lijin Xian'),
	(1770, '370523', '广饶县', 174, 'Guangrao Xian '),
	(1771, '370601', '市辖区', 175, 'Shixiaqu'),
	(1772, '370602', '芝罘区', 175, 'Zhifu Qu'),
	(1773, '370611', '福山区', 175, 'Fushan Qu'),
	(1774, '370612', '牟平区', 175, 'Muping Qu'),
	(1775, '370613', '莱山区', 175, 'Laishan Qu'),
	(1776, '370634', '长岛县', 175, 'Changdao Xian'),
	(1777, '370681', '龙口市', 175, 'Longkou Shi'),
	(1778, '370682', '莱阳市', 175, 'Laiyang Shi'),
	(1779, '370683', '莱州市', 175, 'Laizhou Shi'),
	(1780, '370684', '蓬莱市', 175, 'Penglai Shi'),
	(1781, '370685', '招远市', 175, 'Zhaoyuan Shi'),
	(1782, '370686', '栖霞市', 175, 'Qixia Shi'),
	(1783, '370687', '海阳市', 175, 'Haiyang Shi'),
	(1784, '370701', '市辖区', 176, 'Shixiaqu'),
	(1785, '370702', '潍城区', 176, 'Weicheng Qu'),
	(1786, '370703', '寒亭区', 176, 'Hanting Qu'),
	(1787, '370704', '坊子区', 176, 'Fangzi Qu'),
	(1788, '370705', '奎文区', 176, 'Kuiwen Qu'),
	(1789, '370724', '临朐县', 176, 'Linqu Xian'),
	(1790, '370725', '昌乐县', 176, 'Changle Xian'),
	(1791, '370781', '青州市', 176, 'Qingzhou Shi'),
	(1792, '370782', '诸城市', 176, 'Zhucheng Shi'),
	(1793, '370783', '寿光市', 176, 'Shouguang Shi'),
	(1794, '370784', '安丘市', 176, 'Anqiu Shi'),
	(1795, '370785', '高密市', 176, 'Gaomi Shi'),
	(1796, '370786', '昌邑市', 176, 'Changyi Shi'),
	(1797, '370801', '市辖区', 177, 'Shixiaqu'),
	(1798, '370802', '市中区', 177, 'Shizhong Qu'),
	(1799, '370811', '任城区', 177, 'Rencheng Qu'),
	(1800, '370826', '微山县', 177, 'Weishan Xian'),
	(1801, '370827', '鱼台县', 177, 'Yutai Xian'),
	(1802, '370828', '金乡县', 177, 'Jinxiang Xian'),
	(1803, '370829', '嘉祥县', 177, 'Jiaxiang Xian'),
	(1804, '370830', '汶上县', 177, 'Wenshang Xian'),
	(1805, '370831', '泗水县', 177, 'Sishui Xian'),
	(1806, '370832', '梁山县', 177, 'Liangshan Xian'),
	(1807, '370881', '曲阜市', 177, 'Qufu Shi'),
	(1808, '370882', '兖州市', 177, 'Yanzhou Shi'),
	(1809, '370883', '邹城市', 177, 'Zoucheng Shi'),
	(1810, '370901', '市辖区', 178, 'Shixiaqu'),
	(1811, '370902', '泰山区', 178, 'Taishan Qu'),
	(1812, '370911', '岱岳区', 178, 'Daiyue Qu'),
	(1813, '370921', '宁阳县', 178, 'Ningyang Xian'),
	(1814, '370923', '东平县', 178, 'Dongping Xian'),
	(1815, '370982', '新泰市', 178, 'Xintai Shi'),
	(1816, '370983', '肥城市', 178, 'Feicheng Shi'),
	(1817, '371001', '市辖区', 179, 'Shixiaqu'),
	(1818, '371002', '环翠区', 179, 'Huancui Qu'),
	(1819, '371081', '文登市', 179, 'Wendeng Shi'),
	(1820, '371082', '荣成市', 179, 'Rongcheng Shi'),
	(1821, '371083', '乳山市', 179, 'Rushan Shi'),
	(1822, '371101', '市辖区', 180, 'Shixiaqu'),
	(1823, '371102', '东港区', 180, 'Donggang Qu'),
	(1824, '371103', '岚山区', 180, 'Lanshan Qu'),
	(1825, '371121', '五莲县', 180, 'Wulian Xian'),
	(1826, '371122', '莒县', 180, 'Ju Xian'),
	(1827, '371201', '市辖区', 181, 'Shixiaqu'),
	(1828, '371202', '莱城区', 181, 'Laicheng Qu'),
	(1829, '371203', '钢城区', 181, 'Gangcheng Qu'),
	(1830, '371301', '市辖区', 182, 'Shixiaqu'),
	(1831, '371302', '兰山区', 182, 'Lanshan Qu'),
	(1832, '371311', '罗庄区', 182, 'Luozhuang Qu'),
	(1833, '371301', '河东区', 182, 'Hedong Qu'),
	(1834, '371321', '沂南县', 182, 'Yinan Xian'),
	(1835, '371322', '郯城县', 182, 'Tancheng Xian'),
	(1836, '371323', '沂水县', 182, 'Yishui Xian'),
	(1837, '371324', '苍山县', 182, 'Cangshan Xian'),
	(1838, '371325', '费县', 182, 'Fei Xian'),
	(1839, '371326', '平邑县', 182, 'Pingyi Xian'),
	(1840, '371327', '莒南县', 182, 'Junan Xian'),
	(1841, '371328', '蒙阴县', 182, 'Mengyin Xian'),
	(1842, '371329', '临沭县', 182, 'Linshu Xian'),
	(1843, '371401', '市辖区', 183, 'Shixiaqu'),
	(1844, '371402', '德城区', 183, 'Decheng Qu'),
	(1845, '371421', '陵县', 183, 'Ling Xian'),
	(1846, '371422', '宁津县', 183, 'Ningjin Xian'),
	(1847, '371423', '庆云县', 183, 'Qingyun Xian'),
	(1848, '371424', '临邑县', 183, 'Linyi xian'),
	(1849, '371425', '齐河县', 183, 'Qihe Xian'),
	(1850, '371426', '平原县', 183, 'Pingyuan Xian'),
	(1851, '371427', '夏津县', 183, 'Xiajin Xian'),
	(1852, '371428', '武城县', 183, 'Wucheng Xian'),
	(1853, '371481', '乐陵市', 183, 'Leling Shi'),
	(1854, '371482', '禹城市', 183, 'Yucheng Shi'),
	(1855, '371501', '市辖区', 184, 'Shixiaqu'),
	(1856, '371502', '东昌府区', 184, 'Dongchangfu Qu'),
	(1857, '371521', '阳谷县', 184, 'Yanggu Xian '),
	(1858, '371522', '莘县', 184, 'Shen Xian'),
	(1859, '371523', '茌平县', 184, 'Chiping Xian '),
	(1860, '371524', '东阿县', 184, 'Dong,e Xian'),
	(1861, '371525', '冠县', 184, 'Guan Xian'),
	(1862, '371526', '高唐县', 184, 'Gaotang Xian'),
	(1863, '371581', '临清市', 184, 'Linqing Xian'),
	(1864, '371601', '市辖区', 185, '1'),
	(1865, '371602', '滨城区', 185, 'Bincheng Qu'),
	(1866, '371621', '惠民县', 185, 'Huimin Xian'),
	(1867, '371622', '阳信县', 185, 'Yangxin Xian'),
	(1868, '371623', '无棣县', 185, 'Wudi Xian'),
	(1869, '371624', '沾化县', 185, 'Zhanhua Xian'),
	(1870, '371625', '博兴县', 185, 'Boxing Xian'),
	(1871, '371626', '邹平县', 185, 'Zouping Xian'),
	(1873, '371702', '牡丹区', 186, 'Mudan Qu'),
	(1874, '371721', '曹县', 186, 'Cao Xian'),
	(1875, '371722', '单县', 186, 'Shan Xian'),
	(1876, '371723', '成武县', 186, 'Chengwu Xian'),
	(1877, '371724', '巨野县', 186, 'Juye Xian'),
	(1878, '371725', '郓城县', 186, 'Yuncheng Xian'),
	(1879, '371726', '鄄城县', 186, 'Juancheng Xian'),
	(1880, '371727', '定陶县', 186, 'Dingtao Xian'),
	(1881, '371728', '东明县', 186, 'Dongming Xian'),
	(1882, '410101', '市辖区', 187, 'Shixiaqu'),
	(1883, '410102', '中原区', 187, 'Zhongyuan Qu'),
	(1884, '410103', '二七区', 187, 'Erqi Qu'),
	(1885, '410104', '管城回族区', 187, 'Guancheng Huizu Qu'),
	(1886, '410105', '金水区', 187, 'Jinshui Qu'),
	(1887, '410106', '上街区', 187, 'Shangjie Qu'),
	(1888, '410108', '惠济区', 187, 'Mangshan Qu'),
	(1889, '410122', '中牟县', 187, 'Zhongmou Xian'),
	(1890, '410181', '巩义市', 187, 'Gongyi Shi'),
	(1891, '410182', '荥阳市', 187, 'Xingyang Shi'),
	(1892, '410183', '新密市', 187, 'Xinmi Shi'),
	(1893, '410184', '新郑市', 187, 'Xinzheng Shi'),
	(1894, '410185', '登封市', 187, 'Dengfeng Shi'),
	(1895, '410201', '市辖区', 188, 'Shixiaqu'),
	(1896, '410202', '龙亭区', 188, 'Longting Qu'),
	(1897, '410203', '顺河回族区', 188, 'Shunhe Huizu Qu'),
	(1898, '410204', '鼓楼区', 188, 'Gulou Qu'),
	(1899, '410205', '禹王台区', 188, 'Yuwangtai Qu'),
	(1900, '410211', '金明区', 188, 'Jinming Qu'),
	(1901, '410221', '杞县', 188, 'Qi Xian'),
	(1902, '410222', '通许县', 188, 'Tongxu Xian'),
	(1903, '410223', '尉氏县', 188, 'Weishi Xian'),
	(1904, '410224', '开封县', 188, 'Kaifeng Xian'),
	(1905, '410225', '兰考县', 188, 'Lankao Xian'),
	(1906, '410301', '市辖区', 189, 'Shixiaqu'),
	(1907, '410302', '老城区', 189, 'Laocheng Qu'),
	(1908, '410303', '西工区', 189, 'Xigong Qu'),
	(1909, '410304', '瀍河回族区', 189, 'Chanhehuizu Qu'),
	(1910, '410305', '涧西区', 189, 'Jianxi Qu'),
	(1911, '410306', '吉利区', 189, 'Jili Qu'),
	(1912, '410311', '洛龙区', 189, 'Luolong Qu'),
	(1913, '410322', '孟津县', 189, 'Mengjin Xian'),
	(1914, '410323', '新安县', 189, 'Xin,an Xian'),
	(1915, '410324', '栾川县', 189, 'Luanchuan Xian'),
	(1916, '410325', '嵩县', 189, 'Song Xian'),
	(1917, '410326', '汝阳县', 189, 'Ruyang Xian'),
	(1918, '410327', '宜阳县', 189, 'Yiyang Xian'),
	(1919, '410328', '洛宁县', 189, 'Luoning Xian'),
	(1920, '410329', '伊川县', 189, 'Yichuan Xian'),
	(1921, '410381', '偃师市', 189, 'Yanshi Shi'),
	(1922, '410401', '市辖区', 190, 'Shixiaqu'),
	(1923, '410402', '新华区', 190, 'Xinhua Qu'),
	(1924, '410403', '卫东区', 190, 'Weidong Qu'),
	(1925, '410404', '石龙区', 190, 'Shilong Qu'),
	(1926, '410411', '湛河区', 190, 'Zhanhe Qu'),
	(1927, '410421', '宝丰县', 190, 'Baofeng Xian'),
	(1928, '410422', '叶县', 190, 'Ye Xian'),
	(1929, '410423', '鲁山县', 190, 'Lushan Xian'),
	(1930, '410425', '郏县', 190, 'Jia Xian'),
	(1931, '410481', '舞钢市', 190, 'Wugang Shi'),
	(1932, '410482', '汝州市', 190, 'Ruzhou Shi'),
	(1933, '410501', '市辖区', 191, 'Shixiaqu'),
	(1934, '410502', '文峰区', 191, 'Wenfeng Qu'),
	(1935, '410503', '北关区', 191, 'Beiguan Qu'),
	(1936, '410505', '殷都区', 191, 'Yindu Qu'),
	(1937, '410506', '龙安区', 191, 'Longan Qu'),
	(1938, '410522', '安阳县', 191, 'Anyang Xian'),
	(1939, '410523', '汤阴县', 191, 'Tangyin Xian'),
	(1940, '410526', '滑县', 191, 'Hua Xian'),
	(1941, '410527', '内黄县', 191, 'Neihuang Xian'),
	(1942, '410581', '林州市', 191, 'Linzhou Shi'),
	(1943, '410601', '市辖区', 192, 'Shixiaqu'),
	(1944, '410602', '鹤山区', 192, 'Heshan Qu'),
	(1945, '410603', '山城区', 192, 'Shancheng Qu'),
	(1946, '410611', '淇滨区', 192, 'Qibin Qu'),
	(1947, '410621', '浚县', 192, 'Xun Xian'),
	(1948, '410622', '淇县', 192, 'Qi Xian'),
	(1949, '410701', '市辖区', 193, 'Shixiaqu'),
	(1950, '410702', '红旗区', 193, 'Hongqi Qu'),
	(1951, '410703', '卫滨区', 193, 'Weibin Qu'),
	(1952, '410704', '凤泉区', 193, 'Fengquan Qu'),
	(1953, '410711', '牧野区', 193, 'Muye Qu'),
	(1954, '410721', '新乡县', 193, 'Xinxiang Xian'),
	(1955, '410724', '获嘉县', 193, 'Huojia Xian'),
	(1956, '410725', '原阳县', 193, 'Yuanyang Xian'),
	(1957, '410726', '延津县', 193, 'Yanjin Xian'),
	(1958, '410727', '封丘县', 193, 'Fengqiu Xian'),
	(1959, '410728', '长垣县', 193, 'Changyuan Xian'),
	(1960, '410781', '卫辉市', 193, 'Weihui Shi'),
	(1961, '410782', '辉县市', 193, 'Huixian Shi'),
	(1962, '410801', '市辖区', 194, 'Shixiaqu'),
	(1963, '410802', '解放区', 194, 'Jiefang Qu'),
	(1964, '410803', '中站区', 194, 'Zhongzhan Qu'),
	(1965, '410804', '马村区', 194, 'Macun Qu'),
	(1966, '410811', '山阳区', 194, 'Shanyang Qu'),
	(1967, '410821', '修武县', 194, 'Xiuwu Xian'),
	(1968, '410822', '博爱县', 194, 'Bo,ai Xian'),
	(1969, '410823', '武陟县', 194, 'Wuzhi Xian'),
	(1970, '410825', '温县', 194, 'Wen Xian'),
	(1971, '419001', '济源市', 194, 'Jiyuan Shi'),
	(1972, '410882', '沁阳市', 194, 'Qinyang Shi'),
	(1973, '410883', '孟州市', 194, 'Mengzhou Shi'),
	(1974, '410901', '市辖区', 195, 'Shixiaqu'),
	(1975, '410902', '华龙区', 195, 'Hualong Qu'),
	(1976, '410922', '清丰县', 195, 'Qingfeng Xian'),
	(1977, '410923', '南乐县', 195, 'Nanle Xian'),
	(1978, '410926', '范县', 195, 'Fan Xian'),
	(1979, '410927', '台前县', 195, 'Taiqian Xian'),
	(1980, '410928', '濮阳县', 195, 'Puyang Xian'),
	(1981, '411001', '市辖区', 196, 'Shixiaqu'),
	(1982, '411002', '魏都区', 196, 'Weidu Qu'),
	(1983, '411023', '许昌县', 196, 'Xuchang Xian'),
	(1984, '411024', '鄢陵县', 196, 'Yanling Xian'),
	(1985, '411025', '襄城县', 196, 'Xiangcheng Xian'),
	(1986, '411081', '禹州市', 196, 'Yuzhou Shi'),
	(1987, '411082', '长葛市', 196, 'Changge Shi'),
	(1988, '411101', '市辖区', 197, 'Shixiaqu'),
	(1989, '411102', '源汇区', 197, 'Yuanhui Qu'),
	(1990, '411103', '郾城区', 197, 'Yancheng Qu'),
	(1991, '411104', '召陵区', 197, 'Zhaoling Qu'),
	(1992, '411121', '舞阳县', 197, 'Wuyang Xian'),
	(1993, '411122', '临颍县', 197, 'Linying Xian'),
	(1994, '411201', '市辖区', 198, 'Shixiaqu'),
	(1995, '411202', '湖滨区', 198, 'Hubin Qu'),
	(1996, '411221', '渑池县', 198, 'Mianchi Xian'),
	(1997, '411222', '陕县', 198, 'Shan Xian'),
	(1998, '411224', '卢氏县', 198, 'Lushi Xian'),
	(1999, '411281', '义马市', 198, 'Yima Shi'),
	(2000, '411282', '灵宝市', 198, 'Lingbao Shi'),
	(2001, '411301', '市辖区', 199, 'Shixiaqu'),
	(2002, '411302', '宛城区', 199, 'Wancheng Qu'),
	(2003, '411303', '卧龙区', 199, 'Wolong Qu'),
	(2004, '411321', '南召县', 199, 'Nanzhao Xian'),
	(2005, '411322', '方城县', 199, 'Fangcheng Xian'),
	(2006, '411323', '西峡县', 199, 'Xixia Xian'),
	(2007, '411324', '镇平县', 199, 'Zhenping Xian'),
	(2008, '411325', '内乡县', 199, 'Neixiang Xian'),
	(2009, '411326', '淅川县', 199, 'Xichuan Xian'),
	(2010, '411327', '社旗县', 199, 'Sheqi Xian'),
	(2011, '411328', '唐河县', 199, 'Tanghe Xian'),
	(2012, '411329', '新野县', 199, 'Xinye Xian'),
	(2013, '411330', '桐柏县', 199, 'Tongbai Xian'),
	(2014, '411381', '邓州市', 199, 'Dengzhou Shi'),
	(2015, '411401', '市辖区', 200, 'Shixiaqu'),
	(2016, '411402', '梁园区', 200, 'Liangyuan Qu'),
	(2017, '411403', '睢阳区', 200, 'Suiyang Qu'),
	(2018, '411421', '民权县', 200, 'Minquan Xian'),
	(2019, '411422', '睢县', 200, 'Sui Xian'),
	(2020, '411423', '宁陵县', 200, 'Ningling Xian'),
	(2021, '411424', '柘城县', 200, 'Zhecheng Xian'),
	(2022, '411425', '虞城县', 200, 'Yucheng Xian'),
	(2023, '411426', '夏邑县', 200, 'Xiayi Xian'),
	(2024, '411481', '永城市', 200, 'Yongcheng Shi'),
	(2025, '411501', '市辖区', 201, 'Shixiaqu'),
	(2026, '411502', '浉河区', 201, 'Shihe Qu'),
	(2027, '411503', '平桥区', 201, 'Pingqiao Qu'),
	(2028, '411521', '罗山县', 201, 'Luoshan Xian'),
	(2029, '411522', '光山县', 201, 'Guangshan Xian'),
	(2030, '411523', '新县', 201, 'Xin Xian'),
	(2031, '411524', '商城县', 201, 'Shangcheng Xian'),
	(2032, '411525', '固始县', 201, 'Gushi Xian'),
	(2033, '411526', '潢川县', 201, 'Huangchuan Xian'),
	(2034, '411527', '淮滨县', 201, 'Huaibin Xian'),
	(2035, '411528', '息县', 201, 'Xi Xian'),
	(2036, '411601', '市辖区', 202, '1'),
	(2037, '411602', '川汇区', 202, 'Chuanhui Qu'),
	(2038, '411621', '扶沟县', 202, 'Fugou Xian'),
	(2039, '411622', '西华县', 202, 'Xihua Xian'),
	(2040, '411623', '商水县', 202, 'Shangshui Xian'),
	(2041, '411624', '沈丘县', 202, 'Shenqiu Xian'),
	(2042, '411625', '郸城县', 202, 'Dancheng Xian'),
	(2043, '411626', '淮阳县', 202, 'Huaiyang Xian'),
	(2044, '411627', '太康县', 202, 'Taikang Xian'),
	(2045, '411628', '鹿邑县', 202, 'Luyi Xian'),
	(2046, '411681', '项城市', 202, 'Xiangcheng Shi'),
	(2047, '411701', '市辖区', 203, '1'),
	(2048, '411702', '驿城区', 203, 'Yicheng Qu'),
	(2049, '411721', '西平县', 203, 'Xiping Xian'),
	(2050, '411722', '上蔡县', 203, 'Shangcai Xian'),
	(2051, '411723', '平舆县', 203, 'Pingyu Xian'),
	(2052, '411724', '正阳县', 203, 'Zhengyang Xian'),
	(2053, '411725', '确山县', 203, 'Queshan Xian'),
	(2054, '411726', '泌阳县', 203, 'Biyang Xian'),
	(2055, '411727', '汝南县', 203, 'Runan Xian'),
	(2056, '411728', '遂平县', 203, 'Suiping Xian'),
	(2057, '411729', '新蔡县', 203, 'Xincai Xian'),
	(2058, '420101', '市辖区', 204, 'Shixiaqu'),
	(2059, '420102', '江岸区', 204, 'Jiang,an Qu'),
	(2060, '420103', '江汉区', 204, 'Jianghan Qu'),
	(2061, '420104', '硚口区', 204, 'Qiaokou Qu'),
	(2062, '420105', '汉阳区', 204, 'Hanyang Qu'),
	(2063, '420106', '武昌区', 204, 'Wuchang Qu'),
	(2064, '420107', '青山区', 204, 'Qingshan Qu'),
	(2065, '420111', '洪山区', 204, 'Hongshan Qu'),
	(2066, '420112', '东西湖区', 204, 'Dongxihu Qu'),
	(2067, '420113', '汉南区', 204, 'Hannan Qu'),
	(2068, '420114', '蔡甸区', 204, 'Caidian Qu'),
	(2069, '420115', '江夏区', 204, 'Jiangxia Qu'),
	(2070, '420116', '黄陂区', 204, 'Huangpi Qu'),
	(2071, '420117', '新洲区', 204, 'Xinzhou Qu'),
	(2072, '420201', '市辖区', 205, 'Shixiaqu'),
	(2073, '420202', '黄石港区', 205, 'Huangshigang Qu'),
	(2074, '420203', '西塞山区', 205, 'Xisaishan Qu'),
	(2075, '420204', '下陆区', 205, 'Xialu Qu'),
	(2076, '420205', '铁山区', 205, 'Tieshan Qu'),
	(2077, '420222', '阳新县', 205, 'Yangxin Xian'),
	(2078, '420281', '大冶市', 205, 'Daye Shi'),
	(2079, '420301', '市辖区', 206, 'Shixiaqu'),
	(2080, '420302', '茅箭区', 206, 'Maojian Qu'),
	(2081, '420303', '张湾区', 206, 'Zhangwan Qu'),
	(2082, '420321', '郧县', 206, 'Yun Xian'),
	(2083, '420322', '郧西县', 206, 'Yunxi Xian'),
	(2084, '420323', '竹山县', 206, 'Zhushan Xian'),
	(2085, '420324', '竹溪县', 206, 'Zhuxi Xian'),
	(2086, '420325', '房县', 206, 'Fang Xian'),
	(2087, '420381', '丹江口市', 206, 'Danjiangkou Shi'),
	(2088, '420501', '市辖区', 207, 'Shixiaqu'),
	(2089, '420502', '西陵区', 207, 'Xiling Qu'),
	(2090, '420503', '伍家岗区', 207, 'Wujiagang Qu'),
	(2091, '420504', '点军区', 207, 'Dianjun Qu'),
	(2092, '420505', '猇亭区', 207, 'Xiaoting Qu'),
	(2093, '420506', '夷陵区', 207, 'Yiling Qu'),
	(2094, '420525', '远安县', 207, 'Yuan,an Xian'),
	(2095, '420526', '兴山县', 207, 'Xingshan Xian'),
	(2096, '420527', '秭归县', 207, 'Zigui Xian'),
	(2097, '420528', '长阳土家族自治县', 207, 'Changyang Tujiazu Zizhixian'),
	(2098, '420529', '五峰土家族自治县', 207, 'Wufeng Tujiazu Zizhixian'),
	(2099, '420581', '宜都市', 207, 'Yidu Shi'),
	(2100, '420582', '当阳市', 207, 'Dangyang Shi'),
	(2101, '420583', '枝江市', 207, 'Zhijiang Shi'),
	(2102, '420601', '市辖区', 208, 'Shixiaqu'),
	(2103, '420602', '襄城区', 208, 'Xiangcheng Qu'),
	(2104, '420606', '樊城区', 208, 'Fancheng Qu'),
	(2105, '420607', '襄阳区', 208, 'Xiangyang Qu'),
	(2106, '420624', '南漳县', 208, 'Nanzhang Xian'),
	(2107, '420625', '谷城县', 208, 'Gucheng Xian'),
	(2108, '420626', '保康县', 208, 'Baokang Xian'),
	(2109, '420682', '老河口市', 208, 'Laohekou Shi'),
	(2110, '420683', '枣阳市', 208, 'Zaoyang Shi'),
	(2111, '420684', '宜城市', 208, 'Yicheng Shi'),
	(2112, '420701', '市辖区', 209, 'Shixiaqu'),
	(2113, '420702', '梁子湖区', 209, 'Liangzihu Qu'),
	(2114, '420703', '华容区', 209, 'Huarong Qu'),
	(2115, '420704', '鄂城区', 209, 'Echeng Qu'),
	(2116, '420801', '市辖区', 210, 'Shixiaqu'),
	(2117, '420802', '东宝区', 210, 'Dongbao Qu'),
	(2118, '420804', '掇刀区', 210, 'Duodao Qu'),
	(2119, '420821', '京山县', 210, 'Jingshan Xian'),
	(2120, '420822', '沙洋县', 210, 'Shayang Xian'),
	(2121, '420881', '钟祥市', 210, 'Zhongxiang Shi'),
	(2122, '420901', '市辖区', 211, 'Shixiaqu'),
	(2123, '420902', '孝南区', 211, 'Xiaonan Qu'),
	(2124, '420921', '孝昌县', 211, 'Xiaochang Xian'),
	(2125, '420922', '大悟县', 211, 'Dawu Xian'),
	(2126, '420923', '云梦县', 211, 'Yunmeng Xian'),
	(2127, '420981', '应城市', 211, 'Yingcheng Shi'),
	(2128, '420982', '安陆市', 211, 'Anlu Shi'),
	(2129, '420984', '汉川市', 211, 'Hanchuan Shi'),
	(2130, '421001', '市辖区', 212, 'Shixiaqu'),
	(2131, '421002', '沙市区', 212, 'Shashi Qu'),
	(2132, '421003', '荆州区', 212, 'Jingzhou Qu'),
	(2133, '421022', '公安县', 212, 'Gong,an Xian'),
	(2134, '421023', '监利县', 212, 'Jianli Xian'),
	(2135, '421024', '江陵县', 212, 'Jiangling Xian'),
	(2136, '421081', '石首市', 212, 'Shishou Shi'),
	(2137, '421083', '洪湖市', 212, 'Honghu Shi'),
	(2138, '421087', '松滋市', 212, 'Songzi Shi'),
	(2139, '421101', '市辖区', 213, 'Shixiaqu'),
	(2140, '421102', '黄州区', 213, 'Huangzhou Qu'),
	(2141, '421121', '团风县', 213, 'Tuanfeng Xian'),
	(2142, '421122', '红安县', 213, 'Hong,an Xian'),
	(2143, '421123', '罗田县', 213, 'Luotian Xian'),
	(2144, '421124', '英山县', 213, 'Yingshan Xian'),
	(2145, '421125', '浠水县', 213, 'Xishui Xian'),
	(2146, '421126', '蕲春县', 213, 'Qichun Xian'),
	(2147, '421127', '黄梅县', 213, 'Huangmei Xian'),
	(2148, '421181', '麻城市', 213, 'Macheng Shi'),
	(2149, '421182', '武穴市', 213, 'Wuxue Shi'),
	(2150, '421201', '市辖区', 214, 'Shixiaqu'),
	(2151, '421202', '咸安区', 214, 'Xian,an Qu'),
	(2152, '421221', '嘉鱼县', 214, 'Jiayu Xian'),
	(2153, '421222', '通城县', 214, 'Tongcheng Xian'),
	(2154, '421223', '崇阳县', 214, 'Chongyang Xian'),
	(2155, '421224', '通山县', 214, 'Tongshan Xian'),
	(2156, '421281', '赤壁市', 214, 'Chibi Shi'),
	(2157, '421301', '市辖区', 215, '1'),
	(2158, '421303', '曾都区', 215, 'Zengdu Qu'),
	(2159, '421381', '广水市', 215, 'Guangshui Shi'),
	(2160, '422801', '恩施市', 216, 'Enshi Shi'),
	(2161, '422802', '利川市', 216, 'Lichuan Shi'),
	(2162, '422822', '建始县', 216, 'Jianshi Xian'),
	(2163, '422823', '巴东县', 216, 'Badong Xian'),
	(2164, '422825', '宣恩县', 216, 'Xuan,en Xian'),
	(2165, '422826', '咸丰县', 216, 'Xianfeng Xian'),
	(2166, '422827', '来凤县', 216, 'Laifeng Xian'),
	(2167, '422828', '鹤峰县', 216, 'Hefeng Xian'),
	(2168, '429004', '仙桃市', 217, 'Xiantao Shi'),
	(2169, '429005', '潜江市', 217, 'Qianjiang Shi'),
	(2170, '429006', '天门市', 217, 'Tianmen Shi'),
	(2171, '429021', '神农架林区', 217, 'Shennongjia Linqu'),
	(2172, '430101', '市辖区', 218, 'Shixiaqu'),
	(2173, '430102', '芙蓉区', 218, 'Furong Qu'),
	(2174, '430103', '天心区', 218, 'Tianxin Qu'),
	(2175, '430104', '岳麓区', 218, 'Yuelu Qu'),
	(2176, '430105', '开福区', 218, 'Kaifu Qu'),
	(2177, '430111', '雨花区', 218, 'Yuhua Qu'),
	(2178, '430121', '长沙县', 218, 'Changsha Xian'),
	(2179, '430122', '望城县', 218, 'Wangcheng Xian'),
	(2180, '430124', '宁乡县', 218, 'Ningxiang Xian'),
	(2181, '430181', '浏阳市', 218, 'Liuyang Shi'),
	(2182, '430201', '市辖区', 219, 'Shixiaqu'),
	(2183, '430202', '荷塘区', 219, 'Hetang Qu'),
	(2184, '430203', '芦淞区', 219, 'Lusong Qu'),
	(2185, '430204', '石峰区', 219, 'Shifeng Qu'),
	(2186, '430211', '天元区', 219, 'Tianyuan Qu'),
	(2187, '430221', '株洲县', 219, 'Zhuzhou Xian'),
	(2188, '430223', '攸县', 219, 'You Xian'),
	(2189, '430224', '茶陵县', 219, 'Chaling Xian'),
	(2190, '430225', '炎陵县', 219, 'Yanling Xian'),
	(2191, '430281', '醴陵市', 219, 'Liling Shi'),
	(2192, '430301', '市辖区', 220, 'Shixiaqu'),
	(2193, '430302', '雨湖区', 220, 'Yuhu Qu'),
	(2194, '430304', '岳塘区', 220, 'Yuetang Qu'),
	(2195, '430321', '湘潭县', 220, 'Xiangtan Qu'),
	(2196, '430381', '湘乡市', 220, 'Xiangxiang Shi'),
	(2197, '430382', '韶山市', 220, 'Shaoshan Shi'),
	(2198, '430401', '市辖区', 221, 'Shixiaqu'),
	(2199, '430405', '珠晖区', 221, 'Zhuhui Qu'),
	(2200, '430406', '雁峰区', 221, 'Yanfeng Qu'),
	(2201, '430407', '石鼓区', 221, 'Shigu Qu'),
	(2202, '430408', '蒸湘区', 221, 'Zhengxiang Qu'),
	(2203, '430412', '南岳区', 221, 'Nanyue Qu'),
	(2204, '430421', '衡阳县', 221, 'Hengyang Xian'),
	(2205, '430422', '衡南县', 221, 'Hengnan Xian'),
	(2206, '430423', '衡山县', 221, 'Hengshan Xian'),
	(2207, '430424', '衡东县', 221, 'Hengdong Xian'),
	(2208, '430426', '祁东县', 221, 'Qidong Xian'),
	(2209, '430481', '耒阳市', 221, 'Leiyang Shi'),
	(2210, '430482', '常宁市', 221, 'Changning Shi'),
	(2211, '430501', '市辖区', 222, 'Shixiaqu'),
	(2212, '430502', '双清区', 222, 'Shuangqing Qu'),
	(2213, '430503', '大祥区', 222, 'Daxiang Qu'),
	(2214, '430511', '北塔区', 222, 'Beita Qu'),
	(2215, '430521', '邵东县', 222, 'Shaodong Xian'),
	(2216, '430522', '新邵县', 222, 'Xinshao Xian'),
	(2217, '430523', '邵阳县', 222, 'Shaoyang Xian'),
	(2218, '430524', '隆回县', 222, 'Longhui Xian'),
	(2219, '430525', '洞口县', 222, 'Dongkou Xian'),
	(2220, '430527', '绥宁县', 222, 'Suining Xian'),
	(2221, '430528', '新宁县', 222, 'Xinning Xian'),
	(2222, '430529', '城步苗族自治县', 222, 'Chengbu Miaozu Zizhixian'),
	(2223, '430581', '武冈市', 222, 'Wugang Shi'),
	(2224, '430601', '市辖区', 223, 'Shixiaqu'),
	(2225, '430602', '岳阳楼区', 223, 'Yueyanglou Qu'),
	(2226, '430603', '云溪区', 223, 'Yunxi Qu'),
	(2227, '430611', '君山区', 223, 'Junshan Qu'),
	(2228, '430621', '岳阳县', 223, 'Yueyang Xian'),
	(2229, '430623', '华容县', 223, 'Huarong Xian'),
	(2230, '430624', '湘阴县', 223, 'Xiangyin Xian'),
	(2231, '430626', '平江县', 223, 'Pingjiang Xian'),
	(2232, '430681', '汨罗市', 223, 'Miluo Shi'),
	(2233, '430682', '临湘市', 223, 'Linxiang Shi'),
	(2234, '430701', '市辖区', 224, 'Shixiaqu'),
	(2235, '430702', '武陵区', 224, 'Wuling Qu'),
	(2236, '430703', '鼎城区', 224, 'Dingcheng Qu'),
	(2237, '430721', '安乡县', 224, 'Anxiang Xian'),
	(2238, '430722', '汉寿县', 224, 'Hanshou Xian'),
	(2239, '430723', '澧县', 224, 'Li Xian'),
	(2240, '430724', '临澧县', 224, 'Linli Xian'),
	(2241, '430725', '桃源县', 224, 'Taoyuan Xian'),
	(2242, '430726', '石门县', 224, 'Shimen Xian'),
	(2243, '430781', '津市市', 224, 'Jinshi Shi'),
	(2244, '430801', '市辖区', 225, 'Shixiaqu'),
	(2245, '430802', '永定区', 225, 'Yongding Qu'),
	(2246, '430811', '武陵源区', 225, 'Wulingyuan Qu'),
	(2247, '430821', '慈利县', 225, 'Cili Xian'),
	(2248, '430822', '桑植县', 225, 'Sangzhi Xian'),
	(2249, '430901', '市辖区', 226, 'Shixiaqu'),
	(2250, '430902', '资阳区', 226, 'Ziyang Qu'),
	(2251, '430903', '赫山区', 226, 'Heshan Qu'),
	(2252, '430921', '南县', 226, 'Nan Xian'),
	(2253, '430922', '桃江县', 226, 'Taojiang Xian'),
	(2254, '430923', '安化县', 226, 'Anhua Xian'),
	(2255, '430981', '沅江市', 226, 'Yuanjiang Shi'),
	(2256, '431001', '市辖区', 227, 'Shixiaqu'),
	(2257, '431002', '北湖区', 227, 'Beihu Qu'),
	(2258, '431003', '苏仙区', 227, 'Suxian Qu'),
	(2259, '431021', '桂阳县', 227, 'Guiyang Xian'),
	(2260, '431022', '宜章县', 227, 'yizhang Xian'),
	(2261, '431023', '永兴县', 227, 'Yongxing Xian'),
	(2262, '431024', '嘉禾县', 227, 'Jiahe Xian'),
	(2263, '431025', '临武县', 227, 'Linwu Xian'),
	(2264, '431026', '汝城县', 227, 'Rucheng Xian'),
	(2265, '431027', '桂东县', 227, 'Guidong Xian'),
	(2266, '431028', '安仁县', 227, 'Anren Xian'),
	(2267, '431081', '资兴市', 227, 'Zixing Shi'),
	(2268, '431101', '市辖区', 228, 'Shixiaqu'),
	(2270, '431103', '冷水滩区', 228, 'Lengshuitan Qu'),
	(2271, '431121', '祁阳县', 228, 'Qiyang Xian'),
	(2272, '431122', '东安县', 228, 'Dong,an Xian'),
	(2273, '431123', '双牌县', 228, 'Shuangpai Xian'),
	(2274, '431124', '道县', 228, 'Dao Xian'),
	(2275, '431125', '江永县', 228, 'Jiangyong Xian'),
	(2276, '431126', '宁远县', 228, 'Ningyuan Xian'),
	(2277, '431127', '蓝山县', 228, 'Lanshan Xian'),
	(2278, '431128', '新田县', 228, 'Xintian Xian'),
	(2279, '431129', '江华瑶族自治县', 228, 'Jianghua Yaozu Zizhixian'),
	(2280, '431201', '市辖区', 229, 'Shixiaqu'),
	(2281, '431202', '鹤城区', 229, 'Hecheng Qu'),
	(2282, '431221', '中方县', 229, 'Zhongfang Xian'),
	(2283, '431222', '沅陵县', 229, 'Yuanling Xian'),
	(2284, '431223', '辰溪县', 229, 'Chenxi Xian'),
	(2285, '431224', '溆浦县', 229, 'Xupu Xian'),
	(2286, '431225', '会同县', 229, 'Huitong Xian'),
	(2287, '431226', '麻阳苗族自治县', 229, 'Mayang Miaozu Zizhixian'),
	(2288, '431227', '新晃侗族自治县', 229, 'Xinhuang Dongzu Zizhixian'),
	(2289, '431228', '芷江侗族自治县', 229, 'Zhijiang Dongzu Zizhixian'),
	(2290, '431229', '靖州苗族侗族自治县', 229, 'Jingzhou Miaozu Dongzu Zizhixian'),
	(2291, '431230', '通道侗族自治县', 229, 'Tongdao Dongzu Zizhixian'),
	(2292, '431281', '洪江市', 229, 'Hongjiang Shi'),
	(2293, '431301', '市辖区', 230, '1'),
	(2294, '431302', '娄星区', 230, 'Louxing Qu'),
	(2295, '431321', '双峰县', 230, 'Shuangfeng Xian'),
	(2296, '431322', '新化县', 230, 'Xinhua Xian'),
	(2297, '431381', '冷水江市', 230, 'Lengshuijiang Shi'),
	(2298, '431382', '涟源市', 230, 'Lianyuan Shi'),
	(2299, '433101', '吉首市', 231, 'Jishou Shi'),
	(2300, '433122', '泸溪县', 231, 'Luxi Xian'),
	(2301, '433123', '凤凰县', 231, 'Fenghuang Xian'),
	(2302, '433124', '花垣县', 231, 'Huayuan Xian'),
	(2303, '433125', '保靖县', 231, 'Baojing Xian'),
	(2304, '433126', '古丈县', 231, 'Guzhang Xian'),
	(2305, '433127', '永顺县', 231, 'Yongshun Xian'),
	(2306, '433130', '龙山县', 231, 'Longshan Xian'),
	(2307, '440101', '市辖区', 232, 'Shixiaqu'),
	(2308, '440115', '南沙区', 232, 'Nansha Qu'),
	(2309, '440103', '荔湾区', 232, 'Liwan Qu'),
	(2310, '440104', '越秀区', 232, 'Yuexiu Qu'),
	(2311, '440105', '海珠区', 232, 'Haizhu Qu'),
	(2312, '440106', '天河区', 232, 'Tianhe Qu'),
	(2313, '440116', '萝岗区', 232, 'Luogang Qu'),
	(2314, '440111', '白云区', 232, 'Baiyun Qu'),
	(2315, '440112', '黄埔区', 232, 'Huangpu Qu'),
	(2316, '440113', '番禺区', 232, 'Panyu Qu'),
	(2317, '440114', '花都区', 232, 'Huadu Qu'),
	(2318, '440183', '增城市', 232, 'Zengcheng Shi'),
	(2319, '440184', '从化市', 232, 'Conghua Shi'),
	(2320, '440201', '市辖区', 233, 'Shixiaqu'),
	(2321, '440203', '武江区', 233, 'Wujiang Qu'),
	(2322, '440204', '浈江区', 233, 'Zhenjiang Qu'),
	(2323, '440205', '曲江区', 233, 'Qujiang Qu'),
	(2324, '440222', '始兴县', 233, 'Shixing Xian'),
	(2325, '440224', '仁化县', 233, 'Renhua Xian'),
	(2326, '440229', '翁源县', 233, 'Wengyuan Xian'),
	(2327, '440232', '乳源瑶族自治县', 233, 'Ruyuan Yaozu Zizhixian'),
	(2328, '440233', '新丰县', 233, 'Xinfeng Xian'),
	(2329, '440281', '乐昌市', 233, 'Lechang Shi'),
	(2330, '440282', '南雄市', 233, 'Nanxiong Shi'),
	(2331, '440301', '市辖区', 234, 'Shixiaqu'),
	(2332, '440303', '罗湖区', 234, 'Luohu Qu'),
	(2333, '440304', '福田区', 234, 'Futian Qu'),
	(2334, '440305', '南山区', 234, 'Nanshan Qu'),
	(2335, '440306', '宝安区', 234, 'Bao,an Qu'),
	(2336, '440307', '龙岗区', 234, 'Longgang Qu'),
	(2337, '440308', '盐田区', 234, 'Yan Tian Qu'),
	(2338, '440401', '市辖区', 235, 'Shixiaqu'),
	(2339, '440402', '香洲区', 235, 'Xiangzhou Qu'),
	(2340, '440403', '斗门区', 235, 'Doumen Qu'),
	(2341, '440404', '金湾区', 235, 'Jinwan Qu'),
	(2342, '440501', '市辖区', 236, 'Shixiaqu'),
	(2343, '440507', '龙湖区', 236, 'Longhu Qu'),
	(2344, '440511', '金平区', 236, 'Jinping Qu'),
	(2345, '440512', '濠江区', 236, 'Haojiang Qu'),
	(2346, '440513', '潮阳区', 236, 'Chaoyang  Qu'),
	(2347, '440514', '潮南区', 236, 'Chaonan Qu'),
	(2348, '440515', '澄海区', 236, 'Chenghai QU'),
	(2349, '440523', '南澳县', 236, 'Nan,ao Xian'),
	(2350, '440601', '市辖区', 237, 'Shixiaqu'),
	(2351, '440604', '禅城区', 237, 'Chancheng Qu'),
	(2352, '440605', '南海区', 237, 'Nanhai Shi'),
	(2353, '440606', '顺德区', 237, 'Shunde Shi'),
	(2354, '440607', '三水区', 237, 'Sanshui Shi'),
	(2355, '440608', '高明区', 237, 'Gaoming Shi'),
	(2356, '440701', '市辖区', 238, 'Shixiaqu'),
	(2357, '440703', '蓬江区', 238, 'Pengjiang Qu'),
	(2358, '440704', '江海区', 238, 'Jianghai Qu'),
	(2359, '440705', '新会区', 238, 'Xinhui Shi'),
	(2360, '440781', '台山市', 238, 'Taishan Shi'),
	(2361, '440783', '开平市', 238, 'Kaiping Shi'),
	(2362, '440784', '鹤山市', 238, 'Heshan Shi'),
	(2363, '440785', '恩平市', 238, 'Enping Shi'),
	(2364, '440801', '市辖区', 239, 'Shixiaqu'),
	(2365, '440802', '赤坎区', 239, 'Chikan Qu'),
	(2366, '440803', '霞山区', 239, 'Xiashan Qu'),
	(2367, '440804', '坡头区', 239, 'Potou Qu'),
	(2368, '440811', '麻章区', 239, 'Mazhang Qu'),
	(2369, '440823', '遂溪县', 239, 'Suixi Xian'),
	(2370, '440825', '徐闻县', 239, 'Xuwen Xian'),
	(2371, '440881', '廉江市', 239, 'Lianjiang Shi'),
	(2372, '440882', '雷州市', 239, 'Leizhou Shi'),
	(2373, '440883', '吴川市', 239, 'Wuchuan Shi'),
	(2374, '440901', '市辖区', 240, 'Shixiaqu'),
	(2375, '440902', '茂南区', 240, 'Maonan Qu'),
	(2376, '440903', '茂港区', 240, 'Maogang Qu'),
	(2377, '440923', '电白县', 240, 'Dianbai Xian'),
	(2378, '440981', '高州市', 240, 'Gaozhou Shi'),
	(2379, '440982', '化州市', 240, 'Huazhou Shi'),
	(2380, '440983', '信宜市', 240, 'Xinyi Shi'),
	(2381, '441201', '市辖区', 241, 'Shixiaqu'),
	(2382, '441202', '端州区', 241, 'Duanzhou Qu'),
	(2383, '441203', '鼎湖区', 241, 'Dinghu Qu'),
	(2384, '441223', '广宁县', 241, 'Guangning Xian'),
	(2385, '441224', '怀集县', 241, 'Huaiji Xian'),
	(2386, '441225', '封开县', 241, 'Fengkai Xian'),
	(2387, '441226', '德庆县', 241, 'Deqing Xian'),
	(2388, '441283', '高要市', 241, 'Gaoyao Xian'),
	(2389, '441284', '四会市', 241, 'Sihui Shi'),
	(2390, '441301', '市辖区', 242, 'Shixiaqu'),
	(2391, '441302', '惠城区', 242, 'Huicheng Qu'),
	(2392, '441303', '惠阳区', 242, 'Huiyang Shi'),
	(2393, '441322', '博罗县', 242, 'Boluo Xian'),
	(2394, '441323', '惠东县', 242, 'Huidong Xian'),
	(2395, '441324', '龙门县', 242, 'Longmen Xian'),
	(2396, '441401', '市辖区', 243, 'Shixiaqu'),
	(2397, '441402', '梅江区', 243, 'Meijiang Qu'),
	(2398, '441421', '梅县', 243, 'Mei Xian'),
	(2399, '441422', '大埔县', 243, 'Dabu Xian'),
	(2400, '441423', '丰顺县', 243, 'Fengshun Xian'),
	(2401, '441424', '五华县', 243, 'Wuhua Xian'),
	(2402, '441426', '平远县', 243, 'Pingyuan Xian'),
	(2403, '441427', '蕉岭县', 243, 'Jiaoling Xian'),
	(2404, '441481', '兴宁市', 243, 'Xingning Shi'),
	(2405, '441501', '市辖区', 244, 'Shixiaqu'),
	(2406, '441502', '城区', 244, 'Chengqu'),
	(2407, '441521', '海丰县', 244, 'Haifeng Xian'),
	(2408, '441523', '陆河县', 244, 'Luhe Xian'),
	(2409, '441581', '陆丰市', 244, 'Lufeng Shi'),
	(2410, '441601', '市辖区', 245, 'Shixiaqu'),
	(2411, '441602', '源城区', 245, 'Yuancheng Qu'),
	(2412, '441621', '紫金县', 245, 'Zijin Xian'),
	(2413, '441622', '龙川县', 245, 'Longchuan Xian'),
	(2414, '441623', '连平县', 245, 'Lianping Xian'),
	(2415, '441624', '和平县', 245, 'Heping Xian'),
	(2416, '441625', '东源县', 245, 'Dongyuan Xian'),
	(2417, '441701', '市辖区', 246, 'Shixiaqu'),
	(2418, '441702', '江城区', 246, 'Jiangcheng Qu'),
	(2419, '441721', '阳西县', 246, 'Yangxi Xian'),
	(2420, '441723', '阳东县', 246, 'Yangdong Xian'),
	(2421, '441781', '阳春市', 246, 'Yangchun Shi'),
	(2422, '441801', '市辖区', 247, 'Shixiaqu'),
	(2423, '441802', '清城区', 247, 'Qingcheng Qu'),
	(2424, '441821', '佛冈县', 247, 'Fogang Xian'),
	(2425, '441823', '阳山县', 247, 'Yangshan Xian'),
	(2426, '441825', '连山壮族瑶族自治县', 247, 'Lianshan Zhuangzu Yaozu Zizhixian'),
	(2427, '441826', '连南瑶族自治县', 247, 'Liannanyaozuzizhi Qu'),
	(2428, '441827', '清新县', 247, 'Qingxin Xian'),
	(2429, '441881', '英德市', 247, 'Yingde Shi'),
	(2430, '441882', '连州市', 247, 'Lianzhou Shi'),
	(2431, '445101', '市辖区', 250, 'Shixiaqu'),
	(2432, '445102', '湘桥区', 250, 'Xiangqiao Qu'),
	(2433, '445121', '潮安县', 250, 'Chao,an Xian'),
	(2434, '445122', '饶平县', 250, 'Raoping Xian'),
	(2435, '445201', '市辖区', 251, 'Shixiaqu'),
	(2436, '445202', '榕城区', 251, 'Rongcheng Qu'),
	(2437, '445221', '揭东县', 251, 'Jiedong Xian'),
	(2438, '445222', '揭西县', 251, 'Jiexi Xian'),
	(2439, '445224', '惠来县', 251, 'Huilai Xian'),
	(2440, '445281', '普宁市', 251, 'Puning Shi'),
	(2441, '445301', '市辖区', 252, 'Shixiaqu'),
	(2442, '445302', '云城区', 252, 'Yuncheng Qu'),
	(2443, '445321', '新兴县', 252, 'Xinxing Xian'),
	(2444, '445322', '郁南县', 252, 'Yunan Xian'),
	(2445, '445323', '云安县', 252, 'Yun,an Xian'),
	(2446, '445381', '罗定市', 252, 'Luoding Shi'),
	(2447, '450101', '市辖区', 253, 'Shixiaqu'),
	(2448, '450102', '兴宁区', 253, 'Xingning Qu'),
	(2449, '450103', '青秀区', 253, 'Qingxiu Qu'),
	(2450, '450105', '江南区', 253, 'Jiangnan Qu'),
	(2451, '450107', '西乡塘区', 253, 'Xixiangtang Qu'),
	(2452, '450108', '良庆区', 253, 'Liangqing Qu'),
	(2453, '450109', '邕宁区', 253, 'Yongning Qu'),
	(2454, '450122', '武鸣县', 253, 'Wuming Xian'),
	(2455, '450123', '隆安县', 253, 'Long,an Xian'),
	(2456, '450124', '马山县', 253, 'Mashan Xian'),
	(2457, '450125', '上林县', 253, 'Shanglin Xian'),
	(2458, '450126', '宾阳县', 253, 'Binyang Xian'),
	(2459, '450127', '横县', 253, 'Heng Xian'),
	(2460, '450201', '市辖区', 254, 'Shixiaqu'),
	(2461, '450202', '城中区', 254, 'Chengzhong Qu'),
	(2462, '450203', '鱼峰区', 254, 'Yufeng Qu'),
	(2463, '450204', '柳南区', 254, 'Liunan Qu'),
	(2464, '450205', '柳北区', 254, 'Liubei Qu'),
	(2465, '450221', '柳江县', 254, 'Liujiang Xian'),
	(2466, '450222', '柳城县', 254, 'Liucheng Xian'),
	(2467, '450223', '鹿寨县', 254, 'Luzhai Xian'),
	(2468, '450224', '融安县', 254, 'Rong,an Xian'),
	(2469, '450225', '融水苗族自治县', 254, 'Rongshui Miaozu Zizhixian'),
	(2470, '450226', '三江侗族自治县', 254, 'Sanjiang Dongzu Zizhixian'),
	(2471, '450301', '市辖区', 255, 'Shixiaqu'),
	(2472, '450302', '秀峰区', 255, 'Xiufeng Qu'),
	(2473, '450303', '叠彩区', 255, 'Diecai Qu'),
	(2474, '450304', '象山区', 255, 'Xiangshan Qu'),
	(2475, '450305', '七星区', 255, 'Qixing Qu'),
	(2476, '450311', '雁山区', 255, 'Yanshan Qu'),
	(2477, '450321', '阳朔县', 255, 'Yangshuo Xian'),
	(2478, '450322', '临桂县', 255, 'Lingui Xian'),
	(2479, '450323', '灵川县', 255, 'Lingchuan Xian'),
	(2480, '450324', '全州县', 255, 'Quanzhou Xian'),
	(2481, '450325', '兴安县', 255, 'Xing,an Xian'),
	(2482, '450326', '永福县', 255, 'Yongfu Xian'),
	(2483, '450327', '灌阳县', 255, 'Guanyang Xian'),
	(2484, '450328', '龙胜各族自治县', 255, 'Longsheng Gezu Zizhixian'),
	(2485, '450329', '资源县', 255, 'Ziyuan Xian'),
	(2486, '450330', '平乐县', 255, 'Pingle Xian'),
	(2487, '450331', '荔蒲县', 255, 'Lipu Xian'),
	(2488, '450332', '恭城瑶族自治县', 255, 'Gongcheng Yaozu Zizhixian'),
	(2489, '450401', '市辖区', 256, 'Shixiaqu'),
	(2490, '450403', '万秀区', 256, 'Wanxiu Qu'),
	(2491, '450404', '蝶山区', 256, 'Dieshan Qu'),
	(2492, '450405', '长洲区', 256, 'Changzhou Qu'),
	(2493, '450421', '苍梧县', 256, 'Cangwu Xian'),
	(2494, '450422', '藤县', 256, 'Teng Xian'),
	(2495, '450423', '蒙山县', 256, 'Mengshan Xian'),
	(2496, '450481', '岑溪市', 256, 'Cenxi Shi'),
	(2497, '450501', '市辖区', 257, 'Shixiaqu'),
	(2498, '450502', '海城区', 257, 'Haicheng Qu'),
	(2499, '450503', '银海区', 257, 'Yinhai Qu'),
	(2500, '450512', '铁山港区', 257, 'Tieshangangqu '),
	(2501, '450521', '合浦县', 257, 'Hepu Xian'),
	(2502, '450601', '市辖区', 258, 'Shixiaqu'),
	(2503, '450602', '港口区', 258, 'Gangkou Qu'),
	(2504, '450603', '防城区', 258, 'Fangcheng Qu'),
	(2505, '450621', '上思县', 258, 'Shangsi Xian'),
	(2506, '450681', '东兴市', 258, 'Dongxing Shi'),
	(2507, '450701', '市辖区', 259, 'Shixiaqu'),
	(2508, '450702', '钦南区', 259, 'Qinnan Qu'),
	(2509, '450703', '钦北区', 259, 'Qinbei Qu'),
	(2510, '450721', '灵山县', 259, 'Lingshan Xian'),
	(2511, '450722', '浦北县', 259, 'Pubei Xian'),
	(2512, '450801', '市辖区', 260, 'Shixiaqu'),
	(2513, '450802', '港北区', 260, 'Gangbei Qu'),
	(2514, '450803', '港南区', 260, 'Gangnan Qu'),
	(2515, '450804', '覃塘区', 260, 'Tantang Qu'),
	(2516, '450821', '平南县', 260, 'Pingnan Xian'),
	(2517, '450881', '桂平市', 260, 'Guiping Shi'),
	(2518, '450901', '市辖区', 261, 'Shixiaqu'),
	(2519, '450902', '玉州区', 261, 'Yuzhou Qu'),
	(2520, '450921', '容县', 261, 'Rong Xian'),
	(2521, '450922', '陆川县', 261, 'Luchuan Xian'),
	(2522, '450923', '博白县', 261, 'Bobai Xian'),
	(2523, '450924', '兴业县', 261, 'Xingye Xian'),
	(2524, '450981', '北流市', 261, 'Beiliu Shi'),
	(2525, '451001', '市辖区', 262, '1'),
	(2526, '451002', '右江区', 262, 'Youjiang Qu'),
	(2527, '451021', '田阳县', 262, 'Tianyang Xian'),
	(2528, '451022', '田东县', 262, 'Tiandong Xian'),
	(2529, '451023', '平果县', 262, 'Pingguo Xian'),
	(2530, '451024', '德保县', 262, 'Debao Xian'),
	(2531, '451025', '靖西县', 262, 'Jingxi Xian'),
	(2532, '451026', '那坡县', 262, 'Napo Xian'),
	(2533, '451027', '凌云县', 262, 'Lingyun Xian'),
	(2534, '451028', '乐业县', 262, 'Leye Xian'),
	(2535, '451029', '田林县', 262, 'Tianlin Xian'),
	(2536, '451030', '西林县', 262, 'Xilin Xian'),
	(2537, '451031', '隆林各族自治县', 262, 'Longlin Gezu Zizhixian'),
	(2538, '451101', '市辖区', 263, '1'),
	(2539, '451102', '八步区', 263, 'Babu Qu'),
	(2540, '451121', '昭平县', 263, 'Zhaoping Xian'),
	(2541, '451122', '钟山县', 263, 'Zhongshan Xian'),
	(2542, '451123', '富川瑶族自治县', 263, 'Fuchuan Yaozu Zizhixian'),
	(2543, '451201', '市辖区', 264, '1'),
	(2544, '451202', '金城江区', 264, 'Jinchengjiang Qu'),
	(2545, '451221', '南丹县', 264, 'Nandan Xian'),
	(2546, '451222', '天峨县', 264, 'Tian,e Xian'),
	(2547, '451223', '凤山县', 264, 'Fengshan Xian'),
	(2548, '451224', '东兰县', 264, 'Donglan Xian'),
	(2549, '451225', '罗城仫佬族自治县', 264, 'Luocheng Mulaozu Zizhixian'),
	(2550, '451226', '环江毛南族自治县', 264, 'Huanjiang Maonanzu Zizhixian'),
	(2551, '451227', '巴马瑶族自治县', 264, 'Bama Yaozu Zizhixian'),
	(2552, '451228', '都安瑶族自治县', 264, 'Du,an Yaozu Zizhixian'),
	(2553, '451229', '大化瑶族自治县', 264, 'Dahua Yaozu Zizhixian'),
	(2554, '451281', '宜州市', 264, 'Yizhou Shi'),
	(2555, '451301', '市辖区', 265, '1'),
	(2556, '451302', '兴宾区', 265, 'Xingbin Qu'),
	(2557, '451321', '忻城县', 265, 'Xincheng Xian'),
	(2558, '451322', '象州县', 265, 'Xiangzhou Xian'),
	(2559, '451323', '武宣县', 265, 'Wuxuan Xian'),
	(2560, '451324', '金秀瑶族自治县', 265, 'Jinxiu Yaozu Zizhixian'),
	(2561, '451381', '合山市', 265, 'Heshan Shi'),
	(2562, '451401', '市辖区', 266, '1'),
	(2563, '451402', '江洲区', 266, 'Jiangzhou Qu'),
	(2564, '451421', '扶绥县', 266, 'Fusui Xian'),
	(2565, '451422', '宁明县', 266, 'Ningming Xian'),
	(2566, '451423', '龙州县', 266, 'Longzhou Xian'),
	(2567, '451424', '大新县', 266, 'Daxin Xian'),
	(2568, '451425', '天等县', 266, 'Tiandeng Xian'),
	(2569, '451481', '凭祥市', 266, 'Pingxiang Shi'),
	(2570, '460101', '市辖区', 267, 'Shixiaqu'),
	(2571, '460105', '秀英区', 267, 'Xiuying Qu'),
	(2572, '460106', '龙华区', 267, 'LongHua Qu'),
	(2573, '460107', '琼山区', 267, 'QiongShan Qu'),
	(2574, '460108', '美兰区', 267, 'MeiLan Qu'),
	(2575, '460201', '市辖区', 268, 'Shixiaqu'),
	(2576, '469001', '五指山市', 269, 'Wuzhishan Qu'),
	(2577, '469002', '琼海市', 269, 'Qionghai Shi'),
	(2578, '469003', '儋州市', 269, 'Danzhou Shi'),
	(2579, '469005', '文昌市', 269, 'Wenchang Shi'),
	(2580, '469006', '万宁市', 269, 'Wanning Shi'),
	(2581, '469007', '东方市', 269, 'Dongfang Shi'),
	(2582, '469021', '定安县', 269, 'Ding,an Xian'),
	(2583, '469022', '屯昌县', 269, 'Tunchang Xian'),
	(2584, '469023', '澄迈县', 269, 'Chengmai Xian'),
	(2585, '469024', '临高县', 269, 'Lingao Xian'),
	(2586, '469025', '白沙黎族自治县', 269, 'Baisha Lizu Zizhixian'),
	(2587, '469026', '昌江黎族自治县', 269, 'Changjiang Lizu Zizhixian'),
	(2588, '469027', '乐东黎族自治县', 269, 'Ledong Lizu Zizhixian'),
	(2589, '469028', '陵水黎族自治县', 269, 'Lingshui Lizu Zizhixian'),
	(2590, '469029', '保亭黎族苗族自治县', 269, 'Baoting Lizu Miaozu Zizhixian'),
	(2591, '469030', '琼中黎族苗族自治县', 269, 'Qiongzhong Lizu Miaozu Zizhixian'),
	(2592, '469031', '西沙群岛', 269, 'Xisha Qundao'),
	(2593, '469032', '南沙群岛', 269, 'Nansha Qundao'),
	(2594, '469033', '中沙群岛的岛礁及其海域', 269, 'Zhongsha Qundao de Daojiao Jiqi Haiyu'),
	(2595, '500101', '万州区', 270, 'Wanzhou Qu'),
	(2596, '500102', '涪陵区', 270, 'Fuling Qu'),
	(2597, '500103', '渝中区', 270, 'Yuzhong Qu'),
	(2598, '500104', '大渡口区', 270, 'Dadukou Qu'),
	(2599, '500105', '江北区', 270, 'Jiangbei Qu'),
	(2600, '500106', '沙坪坝区', 270, 'Shapingba Qu'),
	(2601, '500107', '九龙坡区', 270, 'Jiulongpo Qu'),
	(2602, '500108', '南岸区', 270, 'Nan,an Qu'),
	(2603, '500109', '北碚区', 270, 'Beibei Qu'),
	(2604, '500110', '万盛区', 270, 'Wansheng Qu'),
	(2605, '500111', '双桥区', 270, 'Shuangqiao Qu'),
	(2606, '500112', '渝北区', 270, 'Yubei Qu'),
	(2607, '500113', '巴南区', 270, 'Banan Qu'),
	(2608, '500114', '黔江区', 270, 'Qianjiang Qu'),
	(2609, '500115', '长寿区', 270, 'Changshou Qu'),
	(2610, '500222', '綦江县', 271, 'Qijiang Xian'),
	(2611, '500223', '潼南县', 271, 'Tongnan Xian'),
	(2612, '500224', '铜梁县', 271, 'Tongliang Xian'),
	(2613, '500225', '大足县', 271, 'Dazu Xian'),
	(2614, '500226', '荣昌县', 271, 'Rongchang Xian'),
	(2615, '500227', '璧山县', 271, 'Bishan Xian'),
	(2616, '500228', '梁平县', 271, 'Liangping Xian'),
	(2617, '500229', '城口县', 271, 'Chengkou Xian'),
	(2618, '500230', '丰都县', 271, 'Fengdu Xian'),
	(2619, '500231', '垫江县', 271, 'Dianjiang Xian'),
	(2620, '500232', '武隆县', 271, 'Wulong Xian'),
	(2621, '500233', '忠县', 271, 'Zhong Xian'),
	(2622, '500234', '开县', 271, 'Kai Xian'),
	(2623, '500235', '云阳县', 271, 'Yunyang Xian'),
	(2624, '500236', '奉节县', 271, 'Fengjie Xian'),
	(2625, '500237', '巫山县', 271, 'Wushan Xian'),
	(2626, '500238', '巫溪县', 271, 'Wuxi Xian'),
	(2627, '500240', '石柱土家族自治县', 271, 'Shizhu Tujiazu Zizhixian'),
	(2628, '500241', '秀山土家族苗族自治县', 271, 'Xiushan Tujiazu Miaozu Zizhixian'),
	(2629, '500242', '酉阳土家族苗族自治县', 271, 'Youyang Tujiazu Miaozu Zizhixian'),
	(2630, '500243', '彭水苗族土家族自治县', 271, 'Pengshui Miaozu Tujiazu Zizhixian'),
	(2631, '500116', '江津区', 272, 'Jiangjin Shi'),
	(2632, '500117', '合川区', 272, 'Hechuan Shi'),
	(2633, '500118', '永川区', 272, 'Yongchuan Shi'),
	(2634, '500119', '南川区', 272, 'Nanchuan Shi'),
	(2635, '510101', '市辖区', 273, 'Shixiaqu'),
	(2636, '510104', '锦江区', 273, 'Jinjiang Qu'),
	(2637, '510105', '青羊区', 273, 'Qingyang Qu'),
	(2638, '510106', '金牛区', 273, 'Jinniu Qu'),
	(2639, '510107', '武侯区', 273, 'Wuhou Qu'),
	(2640, '510108', '成华区', 273, 'Chenghua Qu'),
	(2641, '510112', '龙泉驿区', 273, 'Longquanyi Qu'),
	(2642, '510113', '青白江区', 273, 'Qingbaijiang Qu'),
	(2643, '510114', '新都区', 273, 'Xindu Qu'),
	(2644, '510115', '温江区', 273, 'Wenjiang Qu'),
	(2645, '510121', '金堂县', 273, 'Jintang Xian'),
	(2646, '510122', '双流县', 273, 'Shuangliu Xian'),
	(2647, '510124', '郫县', 273, 'Pi Xian'),
	(2648, '510129', '大邑县', 273, 'Dayi Xian'),
	(2649, '510131', '蒲江县', 273, 'Pujiang Xian'),
	(2650, '510132', '新津县', 273, 'Xinjin Xian'),
	(2651, '510181', '都江堰市', 273, 'Dujiangyan Shi'),
	(2652, '510182', '彭州市', 273, 'Pengzhou Shi'),
	(2653, '510183', '邛崃市', 273, 'Qionglai Shi'),
	(2654, '510184', '崇州市', 273, 'Chongzhou Shi'),
	(2655, '510301', '市辖区', 274, 'Shixiaqu'),
	(2656, '510302', '自流井区', 274, 'Ziliujing Qu'),
	(2657, '510303', '贡井区', 274, 'Gongjing Qu'),
	(2658, '510304', '大安区', 274, 'Da,an Qu'),
	(2659, '510311', '沿滩区', 274, 'Yantan Qu'),
	(2660, '510321', '荣县', 274, 'Rong Xian'),
	(2661, '510322', '富顺县', 274, 'Fushun Xian'),
	(2662, '510401', '市辖区', 275, 'Shixiaqu'),
	(2663, '510402', '东区', 275, 'Dong Qu'),
	(2664, '510403', '西区', 275, 'Xi Qu'),
	(2665, '510411', '仁和区', 275, 'Renhe Qu'),
	(2666, '510421', '米易县', 275, 'Miyi Xian'),
	(2667, '510422', '盐边县', 275, 'Yanbian Xian'),
	(2668, '510501', '市辖区', 276, 'Shixiaqu'),
	(2669, '510502', '江阳区', 276, 'Jiangyang Qu'),
	(2670, '510503', '纳溪区', 276, 'Naxi Qu'),
	(2671, '510504', '龙马潭区', 276, 'Longmatan Qu'),
	(2672, '510521', '泸县', 276, 'Lu Xian'),
	(2673, '510522', '合江县', 276, 'Hejiang Xian'),
	(2674, '510524', '叙永县', 276, 'Xuyong Xian'),
	(2675, '510525', '古蔺县', 276, 'Gulin Xian'),
	(2676, '510601', '市辖区', 277, 'Shixiaqu'),
	(2677, '510603', '旌阳区', 277, 'Jingyang Qu'),
	(2678, '510623', '中江县', 277, 'Zhongjiang Xian'),
	(2679, '510626', '罗江县', 277, 'Luojiang Xian'),
	(2680, '510681', '广汉市', 277, 'Guanghan Shi'),
	(2681, '510682', '什邡市', 277, 'Shifang Shi'),
	(2682, '510683', '绵竹市', 277, 'Jinzhou Shi'),
	(2683, '510701', '市辖区', 278, 'Shixiaqu'),
	(2684, '510703', '涪城区', 278, 'Fucheng Qu'),
	(2685, '510704', '游仙区', 278, 'Youxian Qu'),
	(2686, '510722', '三台县', 278, 'Santai Xian'),
	(2687, '510723', '盐亭县', 278, 'Yanting Xian'),
	(2688, '510724', '安县', 278, 'An Xian'),
	(2689, '510725', '梓潼县', 278, 'Zitong Xian'),
	(2690, '510726', '北川羌族自治县', 278, 'Beichuanqiangzuzizhi Qu'),
	(2691, '510727', '平武县', 278, 'Pingwu Xian'),
	(2692, '510781', '江油市', 278, 'Jiangyou Shi'),
	(2693, '510801', '市辖区', 279, 'Shixiaqu'),
	(2694, '511002', '市中区', 279, 'Shizhong Qu'),
	(2695, '510811', '元坝区', 279, 'Yuanba Qu'),
	(2696, '510812', '朝天区', 279, 'Chaotian Qu'),
	(2697, '510821', '旺苍县', 279, 'Wangcang Xian'),
	(2698, '510822', '青川县', 279, 'Qingchuan Xian'),
	(2699, '510823', '剑阁县', 279, 'Jiange Xian'),
	(2700, '510824', '苍溪县', 279, 'Cangxi Xian'),
	(2701, '510901', '市辖区', 280, 'Shixiaqu'),
	(2702, '510903', '船山区', 280, 'Chuanshan Qu'),
	(2703, '510904', '安居区', 280, 'Anju Qu'),
	(2704, '510921', '蓬溪县', 280, 'Pengxi Xian'),
	(2705, '510922', '射洪县', 280, 'Shehong Xian'),
	(2706, '510923', '大英县', 280, 'Daying Xian'),
	(2707, '511001', '市辖区', 281, 'Shixiaqu'),
	(2708, '511002', '市中区', 281, 'Shizhong Qu'),
	(2709, '511011', '东兴区', 281, 'Dongxing Qu'),
	(2710, '511024', '威远县', 281, 'Weiyuan Xian'),
	(2711, '511025', '资中县', 281, 'Zizhong Xian'),
	(2712, '511028', '隆昌县', 281, 'Longchang Xian'),
	(2713, '511101', '市辖区', 282, 'Shixiaqu'),
	(2714, '511102', '市中区', 282, 'Shizhong Qu'),
	(2715, '511111', '沙湾区', 282, 'Shawan Qu'),
	(2716, '511112', '五通桥区', 282, 'Wutongqiao Qu'),
	(2717, '511113', '金口河区', 282, 'Jinkouhe Qu'),
	(2718, '511123', '犍为县', 282, 'Qianwei Xian'),
	(2719, '511124', '井研县', 282, 'Jingyan Xian'),
	(2720, '511126', '夹江县', 282, 'Jiajiang Xian'),
	(2721, '511129', '沐川县', 282, 'Muchuan Xian'),
	(2722, '511132', '峨边彝族自治县', 282, 'Ebian Yizu Zizhixian'),
	(2723, '511133', '马边彝族自治县', 282, 'Mabian Yizu Zizhixian'),
	(2724, '511181', '峨眉山市', 282, 'Emeishan Shi'),
	(2725, '511301', '市辖区', 283, 'Shixiaqu'),
	(2726, '511302', '顺庆区', 283, 'Shunqing Xian'),
	(2727, '511303', '高坪区', 283, 'Gaoping Qu'),
	(2728, '511304', '嘉陵区', 283, 'Jialing Qu'),
	(2729, '511321', '南部县', 283, 'Nanbu Xian'),
	(2730, '511322', '营山县', 283, 'Yingshan Xian'),
	(2731, '511323', '蓬安县', 283, 'Peng,an Xian'),
	(2732, '511324', '仪陇县', 283, 'Yilong Xian'),
	(2733, '511325', '西充县', 283, 'Xichong Xian'),
	(2734, '511381', '阆中市', 283, 'Langzhong Shi'),
	(2735, '511401', '市辖区', 284, '1'),
	(2736, '511402', '东坡区', 284, 'Dongpo Qu'),
	(2737, '511421', '仁寿县', 284, 'Renshou Xian'),
	(2738, '511422', '彭山县', 284, 'Pengshan Xian'),
	(2739, '511423', '洪雅县', 284, 'Hongya Xian'),
	(2740, '511424', '丹棱县', 284, 'Danling Xian'),
	(2741, '511425', '青神县', 284, 'Qingshen Xian'),
	(2742, '511501', '市辖区', 285, 'Shixiaqu'),
	(2743, '511502', '翠屏区', 285, 'Cuiping Qu'),
	(2744, '511521', '宜宾县', 285, 'Yibin Xian'),
	(2745, '511522', '南溪县', 285, 'Nanxi Xian'),
	(2746, '511523', '江安县', 285, 'Jiang,an Xian'),
	(2747, '511524', '长宁县', 285, 'Changning Xian'),
	(2748, '511525', '高县', 285, 'Gao Xian'),
	(2749, '511526', '珙县', 285, 'Gong Xian'),
	(2750, '511527', '筠连县', 285, 'Junlian Xian'),
	(2751, '511528', '兴文县', 285, 'Xingwen Xian'),
	(2752, '511529', '屏山县', 285, 'Pingshan Xian'),
	(2753, '511601', '市辖区', 286, 'Shixiaqu'),
	(2754, '511602', '广安区', 286, 'Guang,an Qu'),
	(2755, '511621', '岳池县', 286, 'Yuechi Xian'),
	(2756, '511622', '武胜县', 286, 'Wusheng Xian'),
	(2757, '511623', '邻水县', 286, 'Linshui Xian'),
	(2759, '511701', '市辖区', 287, '1'),
	(2760, '511702', '通川区', 287, 'Tongchuan Qu'),
	(2761, '511721', '达县', 287, 'Da Xian'),
	(2762, '511722', '宣汉县', 287, 'Xuanhan Xian'),
	(2763, '511723', '开江县', 287, 'Kaijiang Xian'),
	(2764, '511724', '大竹县', 287, 'Dazhu Xian'),
	(2765, '511725', '渠县', 287, 'Qu Xian'),
	(2766, '511781', '万源市', 287, 'Wanyuan Shi'),
	(2767, '511801', '市辖区', 288, '1'),
	(2768, '511802', '雨城区', 288, 'Yucheg Qu'),
	(2769, '511821', '名山县', 288, 'Mingshan Xian'),
	(2770, '511822', '荥经县', 288, 'Yingjing Xian'),
	(2771, '511823', '汉源县', 288, 'Hanyuan Xian'),
	(2772, '511824', '石棉县', 288, 'Shimian Xian'),
	(2773, '511825', '天全县', 288, 'Tianquan Xian'),
	(2774, '511826', '芦山县', 288, 'Lushan Xian'),
	(2775, '511827', '宝兴县', 288, 'Baoxing Xian'),
	(2776, '511901', '市辖区', 289, '1'),
	(2777, '511902', '巴州区', 289, 'Bazhou Qu'),
	(2778, '511921', '通江县', 289, 'Tongjiang Xian'),
	(2779, '511922', '南江县', 289, 'Nanjiang Xian'),
	(2780, '511923', '平昌县', 289, 'Pingchang Xian'),
	(2781, '512001', '市辖区', 290, '1'),
	(2782, '512002', '雁江区', 290, 'Yanjiang Qu'),
	(2783, '512021', '安岳县', 290, 'Anyue Xian'),
	(2784, '512022', '乐至县', 290, 'Lezhi Xian'),
	(2785, '512081', '简阳市', 290, 'Jianyang Shi'),
	(2786, '513221', '汶川县', 291, 'Wenchuan Xian'),
	(2787, '513222', '理县', 291, 'Li Xian'),
	(2788, '513223', '茂县', 291, 'Mao Xian'),
	(2789, '513224', '松潘县', 291, 'Songpan Xian'),
	(2790, '513225', '九寨沟县', 291, 'Jiuzhaigou Xian'),
	(2791, '513226', '金川县', 291, 'Jinchuan Xian'),
	(2792, '513227', '小金县', 291, 'Xiaojin Xian'),
	(2793, '513228', '黑水县', 291, 'Heishui Xian'),
	(2794, '513229', '马尔康县', 291, 'Barkam Xian'),
	(2795, '513230', '壤塘县', 291, 'Zamtang Xian'),
	(2796, '513231', '阿坝县', 291, 'Aba(Ngawa) Xian'),
	(2797, '513232', '若尔盖县', 291, 'ZoigeXian'),
	(2798, '513233', '红原县', 291, 'Hongyuan Xian'),
	(2799, '513321', '康定县', 292, 'Kangding(Dardo) Xian'),
	(2800, '513322', '泸定县', 292, 'Luding(Jagsamka) Xian'),
	(2801, '513323', '丹巴县', 292, 'Danba(Rongzhag) Xian'),
	(2802, '513324', '九龙县', 292, 'Jiulong(Gyaisi) Xian'),
	(2803, '513325', '雅江县', 292, 'Yajiang(Nyagquka) Xian'),
	(2804, '513326', '道孚县', 292, 'Dawu Xian'),
	(2805, '513327', '炉霍县', 292, 'Luhuo(Zhaggo) Xian'),
	(2806, '513328', '甘孜县', 292, 'Garze Xian'),
	(2807, '513329', '新龙县', 292, 'Xinlong(Nyagrong) Xian'),
	(2808, '513330', '德格县', 292, 'DegeXian'),
	(2809, '513331', '白玉县', 292, 'Baiyu Xian'),
	(2810, '513332', '石渠县', 292, 'Serxv Xian'),
	(2811, '513333', '色达县', 292, 'Sertar Xian'),
	(2812, '513334', '理塘县', 292, 'Litang Xian'),
	(2813, '513335', '巴塘县', 292, 'Batang Xian'),
	(2814, '513336', '乡城县', 292, 'Xiangcheng(Qagcheng) Xian'),
	(2815, '513337', '稻城县', 292, 'Daocheng(Dabba) Xian'),
	(2816, '513338', '得荣县', 292, 'Derong Xian'),
	(2817, '513401', '西昌市', 293, 'Xichang Shi'),
	(2818, '513422', '木里藏族自治县', 293, 'Muli Zangzu Zizhixian'),
	(2819, '513423', '盐源县', 293, 'Yanyuan Xian'),
	(2820, '513424', '德昌县', 293, 'Dechang Xian'),
	(2821, '513425', '会理县', 293, 'Huili Xian'),
	(2822, '513426', '会东县', 293, 'Huidong Xian'),
	(2823, '513427', '宁南县', 293, 'Ningnan Xian'),
	(2824, '513428', '普格县', 293, 'Puge Xian'),
	(2825, '513429', '布拖县', 293, 'Butuo Xian'),
	(2826, '513430', '金阳县', 293, 'Jinyang Xian'),
	(2827, '513431', '昭觉县', 293, 'Zhaojue Xian'),
	(2828, '513432', '喜德县', 293, 'Xide Xian'),
	(2829, '513433', '冕宁县', 293, 'Mianning Xian'),
	(2830, '513434', '越西县', 293, 'Yuexi Xian'),
	(2831, '513435', '甘洛县', 293, 'Ganluo Xian'),
	(2832, '513436', '美姑县', 293, 'Meigu Xian'),
	(2833, '513437', '雷波县', 293, 'Leibo Xian'),
	(2834, '520101', '市辖区', 294, 'Shixiaqu'),
	(2835, '520102', '南明区', 294, 'Nanming Qu'),
	(2836, '520103', '云岩区', 294, 'Yunyan Qu'),
	(2837, '520111', '花溪区', 294, 'Huaxi Qu'),
	(2838, '520112', '乌当区', 294, 'Wudang Qu'),
	(2839, '520113', '白云区', 294, 'Baiyun Qu'),
	(2840, '520114', '小河区', 294, 'Xiaohe Qu'),
	(2841, '520121', '开阳县', 294, 'Kaiyang Xian'),
	(2842, '520122', '息烽县', 294, 'Xifeng Xian'),
	(2843, '520123', '修文县', 294, 'Xiuwen Xian'),
	(2844, '520181', '清镇市', 294, 'Qingzhen Shi'),
	(2845, '520201', '钟山区', 295, 'Zhongshan Qu'),
	(2846, '520203', '六枝特区', 295, 'Liuzhi Tequ'),
	(2847, '520221', '水城县', 295, 'Shuicheng Xian'),
	(2848, '520222', '盘县', 295, 'Pan Xian'),
	(2849, '520301', '市辖区', 296, 'Shixiaqu'),
	(2850, '520302', '红花岗区', 296, 'Honghuagang Qu'),
	(2851, '520303', '汇川区', 296, 'Huichuan Qu'),
	(2852, '520321', '遵义县', 296, 'Zunyi Xian'),
	(2853, '520322', '桐梓县', 296, 'Tongzi Xian'),
	(2854, '520323', '绥阳县', 296, 'Suiyang Xian'),
	(2855, '520324', '正安县', 296, 'Zhengan Xan'),
	(2856, '520325', '道真仡佬族苗族自治县', 296, 'Daozhen Gelaozu Miaozu Zizhixian'),
	(2857, '520326', '务川仡佬族苗族自治县', 296, 'Wuchuan Gelaozu Miaozu Zizhixian'),
	(2858, '520327', '凤冈县', 296, 'Fenggang Xian'),
	(2859, '520328', '湄潭县', 296, 'Meitan Xian'),
	(2860, '520329', '余庆县', 296, 'Yuqing Xian'),
	(2861, '520330', '习水县', 296, 'Xishui Xian'),
	(2862, '520381', '赤水市', 296, 'Chishui Shi'),
	(2863, '520382', '仁怀市', 296, 'Renhuai Shi'),
	(2864, '520401', '市辖区', 297, '1'),
	(2865, '520402', '西秀区', 297, 'Xixiu Qu'),
	(2866, '520421', '平坝县', 297, 'Pingba Xian'),
	(2867, '520422', '普定县', 297, 'Puding Xian'),
	(2868, '520423', '镇宁布依族苗族自治县', 297, 'Zhenning Buyeizu Miaozu Zizhixian'),
	(2869, '520424', '关岭布依族苗族自治县', 297, 'Guanling Buyeizu Miaozu Zizhixian'),
	(2870, '520425', '紫云苗族布依族自治县', 297, 'Ziyun Miaozu Buyeizu Zizhixian'),
	(2871, '522201', '铜仁市', 298, 'Tongren Shi'),
	(2872, '522222', '江口县', 298, 'Jiangkou Xian'),
	(2873, '522223', '玉屏侗族自治县', 298, 'Yuping Dongzu Zizhixian'),
	(2874, '522224', '石阡县', 298, 'Shiqian Xian'),
	(2875, '522225', '思南县', 298, 'Sinan Xian'),
	(2876, '522226', '印江土家族苗族自治县', 298, 'Yinjiang Tujiazu Miaozu Zizhixian'),
	(2877, '522227', '德江县', 298, 'Dejiang Xian'),
	(2878, '522228', '沿河土家族自治县', 298, 'Yanhe Tujiazu Zizhixian'),
	(2879, '522229', '松桃苗族自治县', 298, 'Songtao Miaozu Zizhixian'),
	(2880, '522230', '万山特区', 298, 'Wanshan Tequ'),
	(2881, '522301', '兴义市', 299, 'Xingyi Shi'),
	(2882, '522322', '兴仁县', 299, 'Xingren Xian'),
	(2883, '522323', '普安县', 299, 'Pu,an Xian'),
	(2884, '522324', '晴隆县', 299, 'Qinglong Xian'),
	(2885, '522325', '贞丰县', 299, 'Zhenfeng Xian'),
	(2886, '522326', '望谟县', 299, 'Wangmo Xian'),
	(2887, '522327', '册亨县', 299, 'Ceheng Xian'),
	(2888, '522328', '安龙县', 299, 'Anlong Xian'),
	(2889, '522401', '毕节市', 300, 'Bijie Shi'),
	(2890, '522422', '大方县', 300, 'Dafang Xian'),
	(2891, '522423', '黔西县', 300, 'Qianxi Xian'),
	(2892, '522424', '金沙县', 300, 'Jinsha Xian'),
	(2893, '522425', '织金县', 300, 'Zhijin Xian'),
	(2894, '522426', '纳雍县', 300, 'Nayong Xian'),
	(2895, '522427', '威宁彝族回族苗族自治县', 300, 'Weining Yizu Huizu Miaozu Zizhixian'),
	(2896, '522428', '赫章县', 300, 'Hezhang Xian'),
	(2897, '522601', '凯里市', 301, 'Kaili Shi'),
	(2898, '522622', '黄平县', 301, 'Huangping Xian'),
	(2899, '522623', '施秉县', 301, 'Shibing Xian'),
	(2900, '522624', '三穗县', 301, 'Sansui Xian'),
	(2901, '522625', '镇远县', 301, 'Zhenyuan Xian'),
	(2902, '522626', '岑巩县', 301, 'Cengong Xian'),
	(2903, '522627', '天柱县', 301, 'Tianzhu Xian'),
	(2904, '522628', '锦屏县', 301, 'Jinping Xian'),
	(2905, '522629', '剑河县', 301, 'Jianhe Xian'),
	(2906, '522630', '台江县', 301, 'Taijiang Xian'),
	(2907, '522631', '黎平县', 301, 'Liping Xian'),
	(2908, '522632', '榕江县', 301, 'Rongjiang Xian'),
	(2909, '522633', '从江县', 301, 'Congjiang Xian'),
	(2910, '522634', '雷山县', 301, 'Leishan Xian'),
	(2911, '522635', '麻江县', 301, 'Majiang Xian'),
	(2912, '522636', '丹寨县', 301, 'Danzhai Xian'),
	(2913, '522701', '都匀市', 302, 'Duyun Shi'),
	(2914, '522702', '福泉市', 302, 'Fuquan Shi'),
	(2915, '522722', '荔波县', 302, 'Libo Xian'),
	(2916, '522723', '贵定县', 302, 'Guiding Xian'),
	(2917, '522725', '瓮安县', 302, 'Weng,an Xian'),
	(2918, '522726', '独山县', 302, 'Dushan Xian'),
	(2919, '522727', '平塘县', 302, 'Pingtang Xian'),
	(2920, '522728', '罗甸县', 302, 'Luodian Xian'),
	(2921, '522729', '长顺县', 302, 'Changshun Xian'),
	(2922, '522730', '龙里县', 302, 'Longli Xian'),
	(2923, '522731', '惠水县', 302, 'Huishui Xian'),
	(2924, '522732', '三都水族自治县', 302, 'Sandu Suizu Zizhixian'),
	(2925, '530101', '市辖区', 303, 'Shixiaqu'),
	(2926, '530102', '五华区', 303, 'Wuhua Qu'),
	(2927, '530103', '盘龙区', 303, 'Panlong Qu'),
	(2928, '530111', '官渡区', 303, 'Guandu Qu'),
	(2929, '530112', '西山区', 303, 'Xishan Qu'),
	(2930, '530113', '东川区', 303, 'Dongchuan Qu'),
	(2931, '530121', '呈贡县', 303, 'Chenggong Xian'),
	(2932, '530122', '晋宁县', 303, 'Jinning Xian'),
	(2933, '530124', '富民县', 303, 'Fumin Xian'),
	(2934, '530125', '宜良县', 303, 'Yiliang Xian'),
	(2935, '530126', '石林彝族自治县', 303, 'Shilin Yizu Zizhixian'),
	(2936, '530127', '嵩明县', 303, 'Songming Xian'),
	(2937, '530128', '禄劝彝族苗族自治县', 303, 'Luchuan Yizu Miaozu Zizhixian'),
	(2938, '530129', '寻甸回族彝族自治县', 303, 'Xundian Huizu Yizu Zizhixian'),
	(2939, '530181', '安宁市', 303, 'Anning Shi'),
	(2940, '530301', '市辖区', 304, 'Shixiaqu'),
	(2941, '530302', '麒麟区', 304, 'Qilin Xian'),
	(2942, '530321', '马龙县', 304, 'Malong Xian'),
	(2943, '530322', '陆良县', 304, 'Luliang Xian'),
	(2944, '530323', '师宗县', 304, 'Shizong Xian'),
	(2945, '530324', '罗平县', 304, 'Luoping Xian'),
	(2946, '530325', '富源县', 304, 'Fuyuan Xian'),
	(2947, '530326', '会泽县', 304, 'Huize Xian'),
	(2948, '530328', '沾益县', 304, 'Zhanyi Xian'),
	(2949, '530381', '宣威市', 304, 'Xuanwei Shi'),
	(2950, '530401', '市辖区', 305, 'Shixiaqu'),
	(2951, '530402', '红塔区', 305, 'Hongta Qu'),
	(2952, '530421', '江川县', 305, 'Jiangchuan Xian'),
	(2953, '530422', '澄江县', 305, 'Chengjiang Xian'),
	(2954, '530423', '通海县', 305, 'Tonghai Xian'),
	(2955, '530424', '华宁县', 305, 'Huaning Xian'),
	(2956, '530425', '易门县', 305, 'Yimen Xian'),
	(2957, '530426', '峨山彝族自治县', 305, 'Eshan Yizu Zizhixian'),
	(2958, '530427', '新平彝族傣族自治县', 305, 'Xinping Yizu Daizu Zizhixian'),
	(2959, '530428', '元江哈尼族彝族傣族自治县', 305, 'Yuanjiang Hanizu Yizu Daizu Zizhixian'),
	(2960, '530501', '市辖区', 306, '1'),
	(2961, '530502', '隆阳区', 306, 'Longyang Qu'),
	(2962, '530521', '施甸县', 306, 'Shidian Xian'),
	(2963, '530522', '腾冲县', 306, 'Tengchong Xian'),
	(2964, '530523', '龙陵县', 306, 'Longling Xian'),
	(2965, '530524', '昌宁县', 306, 'Changning Xian'),
	(2966, '530601', '市辖区', 307, '1'),
	(2967, '530602', '昭阳区', 307, 'Zhaoyang Qu'),
	(2968, '530621', '鲁甸县', 307, 'Ludian Xian'),
	(2969, '530622', '巧家县', 307, 'Qiaojia Xian'),
	(2970, '530623', '盐津县', 307, 'Yanjin Xian'),
	(2971, '530624', '大关县', 307, 'Daguan Xian'),
	(2972, '530625', '永善县', 307, 'Yongshan Xian'),
	(2973, '530626', '绥江县', 307, 'Suijiang Xian'),
	(2974, '530627', '镇雄县', 307, 'Zhenxiong Xian'),
	(2975, '530628', '彝良县', 307, 'Yiliang Xian'),
	(2976, '530629', '威信县', 307, 'Weixin Xian'),
	(2977, '530630', '水富县', 307, 'Shuifu Xian '),
	(2978, '530701', '市辖区', 308, '1'),
	(2979, '530702', '古城区', 308, 'Gucheng Qu'),
	(2980, '530721', '玉龙纳西族自治县', 308, 'Yulongnaxizuzizhi Xian'),
	(2981, '530722', '永胜县', 308, 'Yongsheng Xian'),
	(2982, '530723', '华坪县', 308, 'Huaping Xian'),
	(2983, '530724', '宁蒗彝族自治县', 308, 'Ninglang Yizu Zizhixian'),
	(2984, '530801', '市辖区', 309, '1'),
	(2985, '530802', '思茅区', 309, 'Simao Qu'),
	(2986, '530821', '宁洱哈尼族彝族自治县', 309, 'Pu,er Hanizu Yizu Zizhixian'),
	(2987, '530822', '墨江哈尼族自治县', 309, 'Mojiang Hanizu Zizhixian'),
	(2988, '530823', '景东彝族自治县', 309, 'Jingdong Yizu Zizhixian'),
	(2989, '530824', '景谷傣族彝族自治县', 309, 'Jinggu Daizu Yizu Zizhixian'),
	(2990, '530825', '镇沅彝族哈尼族拉祜族自治县', 309, 'Zhenyuan Yizu Hanizu Lahuzu Zizhixian'),
	(2991, '530826', '江城哈尼族彝族自治县', 309, 'Jiangcheng Hanizu Yizu Zizhixian'),
	(2992, '530827', '孟连傣族拉祜族佤族自治县', 309, 'Menglian Daizu Lahuzu Vazu Zizixian'),
	(2993, '530828', '澜沧拉祜族自治县', 309, 'Lancang Lahuzu Zizhixian'),
	(2994, '530829', '西盟佤族自治县', 309, 'Ximeng Vazu Zizhixian'),
	(2995, '530901', '市辖区', 310, '1'),
	(2996, '530902', '临翔区', 310, 'Linxiang Qu'),
	(2997, '530921', '凤庆县', 310, 'Fengqing Xian'),
	(2998, '530922', '云县', 310, 'Yun Xian'),
	(2999, '530923', '永德县', 310, 'Yongde Xian'),
	(3000, '530924', '镇康县', 310, 'Zhenkang Xian'),
	(3001, '530925', '双江拉祜族佤族布朗族傣族自治县', 310, 'Shuangjiang Lahuzu Vazu Bulangzu Daizu Zizhixian'),
	(3002, '530926', '耿马傣族佤族自治县', 310, 'Gengma Daizu Vazu Zizhixian'),
	(3003, '530927', '沧源佤族自治县', 310, 'Cangyuan Vazu Zizhixian'),
	(3004, '532301', '楚雄市', 311, 'Chuxiong Shi'),
	(3005, '532322', '双柏县', 311, 'Shuangbai Xian'),
	(3006, '532323', '牟定县', 311, 'Mouding Xian'),
	(3007, '532324', '南华县', 311, 'Nanhua Xian'),
	(3008, '532325', '姚安县', 311, 'Yao,an Xian'),
	(3009, '532326', '大姚县', 311, 'Dayao Xian'),
	(3010, '532327', '永仁县', 311, 'Yongren Xian'),
	(3011, '532328', '元谋县', 311, 'Yuanmou Xian'),
	(3012, '532329', '武定县', 311, 'Wuding Xian'),
	(3013, '532331', '禄丰县', 311, 'Lufeng Xian'),
	(3014, '532501', '个旧市', 312, 'Gejiu Shi'),
	(3015, '532502', '开远市', 312, 'Kaiyuan Shi'),
	(3016, '532503', '蒙自市', 312, 'Mengzi Xian'),
	(3017, '532523', '屏边苗族自治县', 312, 'Pingbian Miaozu Zizhixian'),
	(3018, '532524', '建水县', 312, 'Jianshui Xian'),
	(3019, '532525', '石屏县', 312, 'Shiping Xian'),
	(3020, '532526', '弥勒县', 312, 'Mile Xian'),
	(3021, '532527', '泸西县', 312, 'Luxi Xian'),
	(3022, '532528', '元阳县', 312, 'Yuanyang Xian'),
	(3023, '532529', '红河县', 312, 'Honghe Xian'),
	(3024, '532530', '金平苗族瑶族傣族自治县', 312, 'Jinping Miaozu Yaozu Daizu Zizhixian'),
	(3025, '532531', '绿春县', 312, 'Lvchun Xian'),
	(3026, '532532', '河口瑶族自治县', 312, 'Hekou Yaozu Zizhixian'),
	(3027, '532621', '文山县', 313, 'Wenshan Xian'),
	(3028, '532622', '砚山县', 313, 'Yanshan Xian'),
	(3029, '532623', '西畴县', 313, 'Xichou Xian'),
	(3030, '532624', '麻栗坡县', 313, 'Malipo Xian'),
	(3031, '532625', '马关县', 313, 'Maguan Xian'),
	(3032, '532626', '丘北县', 313, 'Qiubei Xian'),
	(3033, '532627', '广南县', 313, 'Guangnan Xian'),
	(3034, '532628', '富宁县', 313, 'Funing Xian'),
	(3035, '532801', '景洪市', 314, 'Jinghong Shi'),
	(3036, '532822', '勐海县', 314, 'Menghai Xian'),
	(3037, '532823', '勐腊县', 314, 'Mengla Xian'),
	(3038, '532901', '大理市', 315, 'Dali Shi'),
	(3039, '532922', '漾濞彝族自治县', 315, 'Yangbi Yizu Zizhixian'),
	(3040, '532923', '祥云县', 315, 'Xiangyun Xian'),
	(3041, '532924', '宾川县', 315, 'Binchuan Xian'),
	(3042, '532925', '弥渡县', 315, 'Midu Xian'),
	(3043, '532926', '南涧彝族自治县', 315, 'Nanjian Yizu Zizhixian'),
	(3044, '532927', '巍山彝族回族自治县', 315, 'Weishan Yizu Huizu Zizhixian'),
	(3045, '532928', '永平县', 315, 'Yongping Xian'),
	(3046, '532929', '云龙县', 315, 'Yunlong Xian'),
	(3047, '532930', '洱源县', 315, 'Eryuan Xian'),
	(3048, '532931', '剑川县', 315, 'Jianchuan Xian'),
	(3049, '532932', '鹤庆县', 315, 'Heqing Xian'),
	(3050, '533102', '瑞丽市', 316, 'Ruili Shi'),
	(3051, '533103', '芒市', 316, 'Luxi Shi'),
	(3052, '533122', '梁河县', 316, 'Lianghe Xian'),
	(3053, '533123', '盈江县', 316, 'Yingjiang Xian'),
	(3054, '533124', '陇川县', 316, 'Longchuan Xian'),
	(3055, '533321', '泸水县', 317, 'Lushui Xian'),
	(3056, '533323', '福贡县', 317, 'Fugong Xian'),
	(3057, '533324', '贡山独龙族怒族自治县', 317, 'Gongshan Dulongzu Nuzu Zizhixian'),
	(3058, '533325', '兰坪白族普米族自治县', 317, 'Lanping Baizu Pumizu Zizhixian'),
	(3059, '533421', '香格里拉县', 318, 'Xianggelila Xian'),
	(3060, '533422', '德钦县', 318, 'Deqen Xian'),
	(3061, '533423', '维西傈僳族自治县', 318, 'Weixi Lisuzu Zizhixian'),
	(3062, '540101', '市辖区', 319, 'Shixiaqu'),
	(3063, '540102', '城关区', 319, 'Chengguang Qu'),
	(3064, '540121', '林周县', 319, 'Lhvnzhub Xian'),
	(3065, '540122', '当雄县', 319, 'Damxung Xian'),
	(3066, '540123', '尼木县', 319, 'Nyemo Xian'),
	(3067, '540124', '曲水县', 319, 'Qvxv Xian'),
	(3068, '540125', '堆龙德庆县', 319, 'Doilungdeqen Xian'),
	(3069, '540126', '达孜县', 319, 'Dagze Xian'),
	(3070, '540127', '墨竹工卡县', 319, 'Maizhokunggar Xian'),
	(3071, '542121', '昌都县', 320, 'Qamdo Xian'),
	(3072, '542122', '江达县', 320, 'Jomda Xian'),
	(3073, '542123', '贡觉县', 320, 'Konjo Xian'),
	(3074, '542124', '类乌齐县', 320, 'Riwoqe Xian'),
	(3075, '542125', '丁青县', 320, 'Dengqen Xian'),
	(3076, '542126', '察雅县', 320, 'Chagyab Xian'),
	(3077, '542127', '八宿县', 320, 'Baxoi Xian'),
	(3078, '542128', '左贡县', 320, 'Zogang Xian'),
	(3079, '542129', '芒康县', 320, 'Mangkam Xian'),
	(3080, '542132', '洛隆县', 320, 'Lhorong Xian'),
	(3081, '542133', '边坝县', 320, 'Banbar Xian'),
	(3082, '542221', '乃东县', 321, 'Nedong Xian'),
	(3083, '542222', '扎囊县', 321, 'Chanang(Chatang) Xian'),
	(3084, '542223', '贡嘎县', 321, 'Gonggar Xian'),
	(3085, '542224', '桑日县', 321, 'Sangri Xian'),
	(3086, '542225', '琼结县', 321, 'Qonggyai Xian'),
	(3087, '542226', '曲松县', 321, 'Qusum Xian'),
	(3088, '542227', '措美县', 321, 'Comai Xian'),
	(3089, '542228', '洛扎县', 321, 'Lhozhag Xian'),
	(3090, '542229', '加查县', 321, 'Gyaca Xian'),
	(3091, '542231', '隆子县', 321, 'Lhvnze Xian'),
	(3092, '542232', '错那县', 321, 'Cona Xian'),
	(3093, '542233', '浪卡子县', 321, 'Nagarze Xian'),
	(3094, '542301', '日喀则市', 322, 'Xigaze Shi'),
	(3095, '542322', '南木林县', 322, 'Namling Xian'),
	(3096, '542323', '江孜县', 322, 'Gyangze Xian'),
	(3097, '542324', '定日县', 322, 'Tingri Xian'),
	(3098, '542325', '萨迦县', 322, 'Sa,gya Xian'),
	(3099, '542326', '拉孜县', 322, 'Lhaze Xian'),
	(3100, '542327', '昂仁县', 322, 'Ngamring Xian'),
	(3101, '542328', '谢通门县', 322, 'Xaitongmoin Xian'),
	(3102, '542329', '白朗县', 322, 'Bainang Xian'),
	(3103, '542330', '仁布县', 322, 'Rinbung Xian'),
	(3104, '542331', '康马县', 322, 'Kangmar Xian'),
	(3105, '542332', '定结县', 322, 'Dinggye Xian'),
	(3106, '542333', '仲巴县', 322, 'Zhongba Xian'),
	(3107, '542334', '亚东县', 322, 'Yadong(Chomo) Xian'),
	(3108, '542335', '吉隆县', 322, 'Gyirong Xian'),
	(3109, '542336', '聂拉木县', 322, 'Nyalam Xian'),
	(3110, '542337', '萨嘎县', 322, 'Saga Xian'),
	(3111, '542338', '岗巴县', 322, 'Gamba Xian'),
	(3112, '542421', '那曲县', 323, 'Nagqu Xian'),
	(3113, '542422', '嘉黎县', 323, 'Lhari Xian'),
	(3114, '542423', '比如县', 323, 'Biru Xian'),
	(3115, '542424', '聂荣县', 323, 'Nyainrong Xian'),
	(3116, '542425', '安多县', 323, 'Amdo Xian'),
	(3117, '542426', '申扎县', 323, 'Xainza Xian'),
	(3118, '542427', '索县', 323, 'Sog Xian'),
	(3119, '542428', '班戈县', 323, 'Bangoin Xian'),
	(3120, '542429', '巴青县', 323, 'Baqen Xian'),
	(3121, '542430', '尼玛县', 323, 'Nyima Xian'),
	(3122, '542521', '普兰县', 324, 'Burang Xian'),
	(3123, '542522', '札达县', 324, 'Zanda Xian'),
	(3124, '542523', '噶尔县', 324, 'Gar Xian'),
	(3125, '542524', '日土县', 324, 'Rutog Xian'),
	(3126, '542525', '革吉县', 324, 'Ge,gyai Xian'),
	(3127, '542526', '改则县', 324, 'Gerze Xian'),
	(3128, '542527', '措勤县', 324, 'Coqen Xian'),
	(3129, '542621', '林芝县', 325, 'Nyingchi Xian'),
	(3130, '542622', '工布江达县', 325, 'Gongbo,gyamda Xian'),
	(3131, '542623', '米林县', 325, 'Mainling Xian'),
	(3132, '542624', '墨脱县', 325, 'Metog Xian'),
	(3133, '542625', '波密县', 325, 'Bomi(Bowo) Xian'),
	(3134, '542626', '察隅县', 325, 'Zayv Xian'),
	(3135, '542627', '朗县', 325, 'Nang Xian'),
	(3136, '610101', '市辖区', 326, 'Shixiaqu'),
	(3137, '610102', '新城区', 326, 'Xincheng Qu'),
	(3138, '610103', '碑林区', 326, 'Beilin Qu'),
	(3139, '610104', '莲湖区', 326, 'Lianhu Qu'),
	(3140, '610111', '灞桥区', 326, 'Baqiao Qu'),
	(3141, '610112', '未央区', 326, 'Weiyang Qu'),
	(3142, '610113', '雁塔区', 326, 'Yanta Qu'),
	(3143, '610114', '阎良区', 326, 'Yanliang Qu'),
	(3144, '610115', '临潼区', 326, 'Lintong Qu'),
	(3145, '610116', '长安区', 326, 'Changan Qu'),
	(3146, '610122', '蓝田县', 326, 'Lantian Xian'),
	(3147, '610124', '周至县', 326, 'Zhouzhi Xian'),
	(3148, '610125', '户县', 326, 'Hu Xian'),
	(3149, '610126', '高陵县', 326, 'Gaoling Xian'),
	(3150, '610201', '市辖区', 327, 'Shixiaqu'),
	(3151, '610202', '王益区', 327, 'Wangyi Qu'),
	(3152, '610203', '印台区', 327, 'Yintai Qu'),
	(3153, '610204', '耀州区', 327, 'Yaozhou Qu'),
	(3154, '610222', '宜君县', 327, 'Yijun Xian'),
	(3155, '610301', '市辖区', 328, 'Shixiaqu'),
	(3156, '610302', '渭滨区', 328, 'Weibin Qu'),
	(3157, '610303', '金台区', 328, 'Jintai Qu'),
	(3158, '610304', '陈仓区', 328, 'Chencang Qu'),
	(3159, '610322', '凤翔县', 328, 'Fengxiang Xian'),
	(3160, '610323', '岐山县', 328, 'Qishan Xian'),
	(3161, '610324', '扶风县', 328, 'Fufeng Xian'),
	(3162, '610326', '眉县', 328, 'Mei Xian'),
	(3163, '610327', '陇县', 328, 'Long Xian'),
	(3164, '610328', '千阳县', 328, 'Qianyang Xian'),
	(3165, '610329', '麟游县', 328, 'Linyou Xian'),
	(3166, '610330', '凤县', 328, 'Feng Xian'),
	(3167, '610331', '太白县', 328, 'Taibai Xian'),
	(3168, '610401', '市辖区', 329, 'Shixiaqu'),
	(3169, '610402', '秦都区', 329, 'Qindu Qu'),
	(3170, '610403', '杨陵区', 329, 'Yangling Qu'),
	(3171, '610404', '渭城区', 329, 'Weicheng Qu'),
	(3172, '610422', '三原县', 329, 'Sanyuan Xian'),
	(3173, '610423', '泾阳县', 329, 'Jingyang Xian'),
	(3174, '610424', '乾县', 329, 'Qian Xian'),
	(3175, '610425', '礼泉县', 329, 'Liquan Xian'),
	(3176, '610426', '永寿县', 329, 'Yongshou Xian'),
	(3177, '610427', '彬县', 329, 'Bin Xian'),
	(3178, '610428', '长武县', 329, 'Changwu Xian'),
	(3179, '610429', '旬邑县', 329, 'Xunyi Xian'),
	(3180, '610430', '淳化县', 329, 'Chunhua Xian'),
	(3181, '610431', '武功县', 329, 'Wugong Xian'),
	(3182, '610481', '兴平市', 329, 'Xingping Shi'),
	(3183, '610501', '市辖区', 330, 'Shixiaqu'),
	(3184, '610502', '临渭区', 330, 'Linwei Qu'),
	(3185, '610521', '华县', 330, 'Hua Xian'),
	(3186, '610522', '潼关县', 330, 'Tongguan Xian'),
	(3187, '610523', '大荔县', 330, 'Dali Xian'),
	(3188, '610524', '合阳县', 330, 'Heyang Xian'),
	(3189, '610525', '澄城县', 330, 'Chengcheng Xian'),
	(3190, '610526', '蒲城县', 330, 'Pucheng Xian'),
	(3191, '610527', '白水县', 330, 'Baishui Xian'),
	(3192, '610528', '富平县', 330, 'Fuping Xian'),
	(3193, '610581', '韩城市', 330, 'Hancheng Shi'),
	(3194, '610582', '华阴市', 330, 'Huayin Shi'),
	(3195, '610601', '市辖区', 331, 'Shixiaqu'),
	(3196, '610602', '宝塔区', 331, 'Baota Qu'),
	(3197, '610621', '延长县', 331, 'Yanchang Xian'),
	(3198, '610622', '延川县', 331, 'Yanchuan Xian'),
	(3199, '610623', '子长县', 331, 'Zichang Xian'),
	(3200, '610624', '安塞县', 331, 'Ansai Xian'),
	(3201, '610625', '志丹县', 331, 'Zhidan Xian'),
	(3202, '610626', '吴起县', 331, 'Wuqi Xian'),
	(3203, '610627', '甘泉县', 331, 'Ganquan Xian'),
	(3204, '610628', '富县', 331, 'Fu Xian'),
	(3205, '610629', '洛川县', 331, 'Luochuan Xian'),
	(3206, '610630', '宜川县', 331, 'Yichuan Xian'),
	(3207, '610631', '黄龙县', 331, 'Huanglong Xian'),
	(3208, '610632', '黄陵县', 331, 'Huangling Xian'),
	(3209, '610701', '市辖区', 332, 'Shixiaqu'),
	(3210, '610702', '汉台区', 332, 'Hantai Qu'),
	(3211, '610721', '南郑县', 332, 'Nanzheng Xian'),
	(3212, '610722', '城固县', 332, 'Chenggu Xian'),
	(3213, '610723', '洋县', 332, 'Yang Xian'),
	(3214, '610724', '西乡县', 332, 'Xixiang Xian'),
	(3215, '610725', '勉县', 332, 'Mian Xian'),
	(3216, '610726', '宁强县', 332, 'Ningqiang Xian'),
	(3217, '610727', '略阳县', 332, 'Lueyang Xian'),
	(3218, '610728', '镇巴县', 332, 'Zhenba Xian'),
	(3219, '610729', '留坝县', 332, 'Liuba Xian'),
	(3220, '610730', '佛坪县', 332, 'Foping Xian'),
	(3221, '610801', '市辖区', 333, '1'),
	(3222, '610802', '榆阳区', 333, 'Yuyang Qu'),
	(3223, '610821', '神木县', 333, 'Shenmu Xian'),
	(3224, '610822', '府谷县', 333, 'Fugu Xian'),
	(3225, '610823', '横山县', 333, 'Hengshan Xian'),
	(3226, '610824', '靖边县', 333, 'Jingbian Xian'),
	(3227, '610825', '定边县', 333, 'Dingbian Xian'),
	(3228, '610826', '绥德县', 333, 'Suide Xian'),
	(3229, '610827', '米脂县', 333, 'Mizhi Xian'),
	(3230, '610828', '佳县', 333, 'Jia Xian'),
	(3231, '610829', '吴堡县', 333, 'Wubu Xian'),
	(3232, '610830', '清涧县', 333, 'Qingjian Xian'),
	(3233, '610831', '子洲县', 333, 'Zizhou Xian'),
	(3234, '610901', '市辖区', 334, '1'),
	(3235, '610902', '汉滨区', 334, 'Hanbin Qu'),
	(3236, '610921', '汉阴县', 334, 'Hanyin Xian'),
	(3237, '610922', '石泉县', 334, 'Shiquan Xian'),
	(3238, '610923', '宁陕县', 334, 'Ningshan Xian'),
	(3239, '610924', '紫阳县', 334, 'Ziyang Xian'),
	(3240, '610925', '岚皋县', 334, 'Langao Xian'),
	(3241, '610926', '平利县', 334, 'Pingli Xian'),
	(3242, '610927', '镇坪县', 334, 'Zhenping Xian'),
	(3243, '610928', '旬阳县', 334, 'Xunyang Xian'),
	(3244, '610929', '白河县', 334, 'Baihe Xian'),
	(3245, '611001', '市辖区', 335, '1'),
	(3246, '611002', '商州区', 335, 'Shangzhou Qu'),
	(3247, '611021', '洛南县', 335, 'Luonan Xian'),
	(3248, '611022', '丹凤县', 335, 'Danfeng Xian'),
	(3249, '611023', '商南县', 335, 'Shangnan Xian'),
	(3250, '611024', '山阳县', 335, 'Shanyang Xian'),
	(3251, '611025', '镇安县', 335, 'Zhen,an Xian'),
	(3252, '611026', '柞水县', 335, 'Zhashui Xian'),
	(3253, '620101', '市辖区', 336, 'Shixiaqu'),
	(3254, '620102', '城关区', 336, 'Chengguan Qu'),
	(3255, '620103', '七里河区', 336, 'Qilihe Qu'),
	(3256, '620104', '西固区', 336, 'Xigu Qu'),
	(3257, '620105', '安宁区', 336, 'Anning Qu'),
	(3258, '620111', '红古区', 336, 'Honggu Qu'),
	(3259, '620121', '永登县', 336, 'Yongdeng Xian'),
	(3260, '620122', '皋兰县', 336, 'Gaolan Xian'),
	(3261, '620123', '榆中县', 336, 'Yuzhong Xian'),
	(3262, '620201', '市辖区', 337, 'Shixiaqu'),
	(3263, '620301', '市辖区', 338, 'Shixiaqu'),
	(3264, '620302', '金川区', 338, 'Jinchuan Qu'),
	(3265, '620321', '永昌县', 338, 'Yongchang Xian'),
	(3266, '620401', '市辖区', 339, 'Shixiaqu'),
	(3267, '620402', '白银区', 339, 'Baiyin Qu'),
	(3268, '620403', '平川区', 339, 'Pingchuan Qu'),
	(3269, '620421', '靖远县', 339, 'Jingyuan Xian'),
	(3270, '620422', '会宁县', 339, 'Huining xian'),
	(3271, '620423', '景泰县', 339, 'Jingtai Xian'),
	(3272, '620501', '市辖区', 340, 'Shixiaqu'),
	(3274, '620502', '秦州区', 340, 'Beidao Qu'),
	(3275, '620521', '清水县', 340, 'Qingshui Xian'),
	(3276, '620522', '秦安县', 340, 'Qin,an Xian'),
	(3277, '620523', '甘谷县', 340, 'Gangu Xian'),
	(3278, '620524', '武山县', 340, 'Wushan Xian'),
	(3279, '620525', '张家川回族自治县', 340, 'Zhangjiachuan Huizu Zizhixian'),
	(3280, '620601', '市辖区', 341, '1'),
	(3281, '620602', '凉州区', 341, 'Liangzhou Qu'),
	(3282, '620621', '民勤县', 341, 'Minqin Xian'),
	(3283, '620622', '古浪县', 341, 'Gulang Xian'),
	(3284, '620623', '天祝藏族自治县', 341, 'Tianzhu Zangzu Zizhixian'),
	(3285, '620701', '市辖区', 342, '1'),
	(3286, '620702', '甘州区', 342, 'Ganzhou Qu'),
	(3287, '620721', '肃南裕固族自治县', 342, 'Sunan Yugurzu Zizhixian'),
	(3288, '620722', '民乐县', 342, 'Minle Xian'),
	(3289, '620723', '临泽县', 342, 'Linze Xian'),
	(3290, '620724', '高台县', 342, 'Gaotai Xian'),
	(3291, '620725', '山丹县', 342, 'Shandan Xian'),
	(3292, '620801', '市辖区', 343, '1'),
	(3293, '620802', '崆峒区', 343, 'Kongdong Qu'),
	(3294, '620821', '泾川县', 343, 'Jingchuan Xian'),
	(3295, '620822', '灵台县', 343, 'Lingtai Xian'),
	(3296, '620823', '崇信县', 343, 'Chongxin Xian'),
	(3297, '620824', '华亭县', 343, 'Huating Xian'),
	(3298, '620825', '庄浪县', 343, 'Zhuanglang Xian'),
	(3299, '620826', '静宁县', 343, 'Jingning Xian'),
	(3300, '620901', '市辖区', 344, '1'),
	(3301, '620902', '肃州区', 344, 'Suzhou Qu'),
	(3302, '620921', '金塔县', 344, 'Jinta Xian'),
	(3304, '620923', '肃北蒙古族自治县', 344, 'Subei Monguzu Zizhixian'),
	(3305, '620924', '阿克塞哈萨克族自治县', 344, 'Aksay Kazakzu Zizhixian'),
	(3306, '620981', '玉门市', 344, 'Yumen Shi'),
	(3307, '620982', '敦煌市', 344, 'Dunhuang Shi'),
	(3308, '621001', '市辖区', 345, '1'),
	(3309, '621002', '西峰区', 345, 'Xifeng Qu'),
	(3310, '621021', '庆城县', 345, 'Qingcheng Xian'),
	(3311, '621022', '环县', 345, 'Huan Xian'),
	(3312, '621023', '华池县', 345, 'Huachi Xian'),
	(3313, '621024', '合水县', 345, 'Heshui Xian'),
	(3314, '621025', '正宁县', 345, 'Zhengning Xian'),
	(3315, '621026', '宁县', 345, 'Ning Xian'),
	(3316, '621027', '镇原县', 345, 'Zhenyuan Xian'),
	(3317, '621101', '市辖区', 346, '1'),
	(3318, '621102', '安定区', 346, 'Anding Qu'),
	(3319, '621121', '通渭县', 346, 'Tongwei Xian'),
	(3320, '621122', '陇西县', 346, 'Longxi Xian'),
	(3321, '621123', '渭源县', 346, 'Weiyuan Xian'),
	(3322, '621124', '临洮县', 346, 'Lintao Xian'),
	(3323, '621125', '漳县', 346, 'Zhang Xian'),
	(3324, '621126', '岷县', 346, 'Min Xian'),
	(3325, '621201', '市辖区', 347, '1'),
	(3326, '621202', '武都区', 347, 'Wudu Qu'),
	(3327, '621221', '成县', 347, 'Cheng Xian'),
	(3328, '621222', '文县', 347, 'Wen Xian'),
	(3329, '621223', '宕昌县', 347, 'Dangchang Xian'),
	(3330, '621224', '康县', 347, 'Kang Xian'),
	(3331, '621225', '西和县', 347, 'Xihe Xian'),
	(3332, '621226', '礼县', 347, 'Li Xian'),
	(3333, '621227', '徽县', 347, 'Hui Xian'),
	(3334, '621228', '两当县', 347, 'Liangdang Xian'),
	(3335, '622901', '临夏市', 348, 'Linxia Shi'),
	(3336, '622921', '临夏县', 348, 'Linxia Xian'),
	(3337, '622922', '康乐县', 348, 'Kangle Xian'),
	(3338, '622923', '永靖县', 348, 'Yongjing Xian'),
	(3339, '622924', '广河县', 348, 'Guanghe Xian'),
	(3340, '622925', '和政县', 348, 'Hezheng Xian'),
	(3341, '622926', '东乡族自治县', 348, 'Dongxiangzu Zizhixian'),
	(3342, '622927', '积石山保安族东乡族撒拉族自治县', 348, 'Jishishan Bonanzu Dongxiangzu Salarzu Zizhixian'),
	(3343, '623001', '合作市', 349, 'Hezuo Shi'),
	(3344, '623021', '临潭县', 349, 'Lintan Xian'),
	(3345, '623022', '卓尼县', 349, 'Jone'),
	(3346, '623023', '舟曲县', 349, 'Zhugqu Xian'),
	(3347, '623024', '迭部县', 349, 'Tewo Xian'),
	(3348, '623025', '玛曲县', 349, 'Maqu Xian'),
	(3349, '623026', '碌曲县', 349, 'Luqu Xian'),
	(3350, '623027', '夏河县', 349, 'Xiahe Xian'),
	(3351, '630101', '市辖区', 350, 'Shixiaqu'),
	(3352, '630102', '城东区', 350, 'Chengdong Qu'),
	(3353, '630103', '城中区', 350, 'Chengzhong Qu'),
	(3354, '630104', '城西区', 350, 'Chengxi Qu'),
	(3355, '630105', '城北区', 350, 'Chengbei Qu'),
	(3356, '630121', '大通回族土族自治县', 350, 'Datong Huizu Tuzu Zizhixian'),
	(3357, '630122', '湟中县', 350, 'Huangzhong Xian'),
	(3358, '630123', '湟源县', 350, 'Huangyuan Xian'),
	(3359, '632121', '平安县', 351, 'Ping,an Xian'),
	(3360, '632122', '民和回族土族自治县', 351, 'Minhe Huizu Tuzu Zizhixian'),
	(3361, '632123', '乐都县', 351, 'Ledu Xian'),
	(3362, '632126', '互助土族自治县', 351, 'Huzhu Tuzu Zizhixian'),
	(3363, '632127', '化隆回族自治县', 351, 'Hualong Huizu Zizhixian'),
	(3364, '632128', '循化撒拉族自治县', 351, 'Xunhua Salazu Zizhixian'),
	(3365, '632221', '门源回族自治县', 352, 'Menyuan Huizu Zizhixian'),
	(3366, '632222', '祁连县', 352, 'Qilian Xian'),
	(3367, '632223', '海晏县', 352, 'Haiyan Xian'),
	(3368, '632224', '刚察县', 352, 'Gangca Xian'),
	(3369, '632321', '同仁县', 353, 'Tongren Xian'),
	(3370, '632322', '尖扎县', 353, 'Jainca Xian'),
	(3371, '632323', '泽库县', 353, 'Zekog Xian'),
	(3372, '632324', '河南蒙古族自治县', 353, 'Henan Mongolzu Zizhixian'),
	(3373, '632521', '共和县', 354, 'Gonghe Xian'),
	(3374, '632522', '同德县', 354, 'Tongde Xian'),
	(3375, '632523', '贵德县', 354, 'Guide Xian'),
	(3376, '632524', '兴海县', 354, 'Xinghai Xian'),
	(3377, '632525', '贵南县', 354, 'Guinan Xian'),
	(3378, '632621', '玛沁县', 355, 'Maqen Xian'),
	(3379, '632622', '班玛县', 355, 'Baima Xian'),
	(3380, '632623', '甘德县', 355, 'Gade Xian'),
	(3381, '632624', '达日县', 355, 'Tarlag Xian'),
	(3382, '632625', '久治县', 355, 'Jigzhi Xian'),
	(3383, '632626', '玛多县', 355, 'Madoi Xian'),
	(3384, '632721', '玉树县', 356, 'Yushu Xian'),
	(3385, '632722', '杂多县', 356, 'Zadoi Xian'),
	(3386, '632723', '称多县', 356, 'Chindu Xian'),
	(3387, '632724', '治多县', 356, 'Zhidoi Xian'),
	(3388, '632725', '囊谦县', 356, 'Nangqen Xian'),
	(3389, '632726', '曲麻莱县', 356, 'Qumarleb Xian'),
	(3390, '632801', '格尔木市', 357, 'Golmud Shi'),
	(3391, '632802', '德令哈市', 357, 'Delhi Shi'),
	(3392, '632821', '乌兰县', 357, 'Ulan Xian'),
	(3393, '632822', '都兰县', 357, 'Dulan Xian'),
	(3394, '632823', '天峻县', 357, 'Tianjun Xian'),
	(3395, '640101', '市辖区', 358, 'Shixiaqu'),
	(3396, '640104', '兴庆区', 358, 'Xingqing Qu'),
	(3397, '640105', '西夏区', 358, 'Xixia Qu'),
	(3398, '640106', '金凤区', 358, 'Jinfeng Qu'),
	(3399, '640121', '永宁县', 358, 'Yongning Xian'),
	(3400, '640122', '贺兰县', 358, 'Helan Xian'),
	(3401, '640181', '灵武市', 358, 'Lingwu Shi'),
	(3402, '640201', '市辖区', 359, 'Shixiaqu'),
	(3403, '640202', '大武口区', 359, 'Dawukou Qu'),
	(3404, '640205', '惠农区', 359, 'Huinong Qu'),
	(3405, '640221', '平罗县', 359, 'Pingluo Xian'),
	(3406, '640301', '市辖区', 360, 'Shixiaqu'),
	(3407, '640302', '利通区', 360, 'Litong Qu'),
	(3408, '640323', '盐池县', 360, 'Yanchi Xian'),
	(3409, '640324', '同心县', 360, 'Tongxin Xian'),
	(3410, '640381', '青铜峡市', 360, 'Qingtongxia Xian'),
	(3411, '640401', '市辖区', 361, '1'),
	(3412, '640402', '原州区', 361, 'Yuanzhou Qu'),
	(3413, '640422', '西吉县', 361, 'Xiji Xian'),
	(3414, '640423', '隆德县', 361, 'Longde Xian'),
	(3415, '640424', '泾源县', 361, 'Jingyuan Xian'),
	(3416, '640425', '彭阳县', 361, 'Pengyang Xian'),
	(3417, '640501', '市辖区', 362, '1'),
	(3418, '640502', '沙坡头区', 362, 'Shapotou Qu'),
	(3419, '640521', '中宁县', 362, 'Zhongning Xian'),
	(3420, '640522', '海原县', 362, 'Haiyuan Xian'),
	(3421, '650101', '市辖区', 363, 'Shixiaqu'),
	(3422, '650102', '天山区', 363, 'Tianshan Qu'),
	(3423, '650103', '沙依巴克区', 363, 'Saybag Qu'),
	(3424, '650104', '新市区', 363, 'Xinshi Qu'),
	(3425, '650105', '水磨沟区', 363, 'Shuimogou Qu'),
	(3426, '650106', '头屯河区', 363, 'Toutunhe Qu'),
	(3427, '650107', '达坂城区', 363, 'Dabancheng Qu'),
	(3428, '650109', '米东区', 363, 'Midong Qu'),
	(3429, '650121', '乌鲁木齐县', 363, 'Urumqi Xian'),
	(3430, '650201', '市辖区', 364, 'Shixiaqu'),
	(3431, '650202', '独山子区', 364, 'Dushanzi Qu'),
	(3432, '650203', '克拉玛依区', 364, 'Karamay Qu'),
	(3433, '650204', '白碱滩区', 364, 'Baijiantan Qu'),
	(3434, '650205', '乌尔禾区', 364, 'Orku Qu'),
	(3435, '652101', '吐鲁番市', 365, 'Turpan Shi'),
	(3436, '652122', '鄯善县', 365, 'Shanshan(piqan) Xian'),
	(3437, '652123', '托克逊县', 365, 'Toksun Xian'),
	(3438, '652201', '哈密市', 366, 'Hami(kumul) Shi'),
	(3439, '652222', '巴里坤哈萨克自治县', 366, 'Barkol Kazak Zizhixian'),
	(3440, '652223', '伊吾县', 366, 'Yiwu(Araturuk) Xian'),
	(3441, '652301', '昌吉市', 367, 'Changji Shi'),
	(3442, '652302', '阜康市', 367, 'Fukang Shi'),
	(3444, '652323', '呼图壁县', 367, 'Hutubi Xian'),
	(3445, '652324', '玛纳斯县', 367, 'Manas Xian'),
	(3446, '652325', '奇台县', 367, 'Qitai Xian'),
	(3447, '652327', '吉木萨尔县', 367, 'Jimsar Xian'),
	(3448, '652328', '木垒哈萨克自治县', 367, 'Mori Kazak Zizhixian'),
	(3449, '652701', '博乐市', 368, 'Bole(Bortala) Shi'),
	(3450, '652722', '精河县', 368, 'Jinghe(Jing) Xian'),
	(3451, '652723', '温泉县', 368, 'Wenquan(Arixang) Xian'),
	(3452, '652801', '库尔勒市', 369, 'Korla Shi'),
	(3453, '652822', '轮台县', 369, 'Luntai(Bugur) Xian'),
	(3454, '652823', '尉犁县', 369, 'Yuli(Lopnur) Xian'),
	(3455, '652824', '若羌县', 369, 'Ruoqiang(Qakilik) Xian'),
	(3456, '652825', '且末县', 369, 'Qiemo(Qarqan) Xian'),
	(3457, '652826', '焉耆回族自治县', 369, 'Yanqi Huizu Zizhixian'),
	(3458, '652827', '和静县', 369, 'Hejing Xian'),
	(3459, '652828', '和硕县', 369, 'Hoxud Xian'),
	(3460, '652829', '博湖县', 369, 'Bohu(Bagrax) Xian'),
	(3461, '652901', '阿克苏市', 370, 'Aksu Shi'),
	(3462, '652922', '温宿县', 370, 'Wensu Xian'),
	(3463, '652923', '库车县', 370, 'Kuqa Xian'),
	(3464, '652924', '沙雅县', 370, 'Xayar Xian'),
	(3465, '652925', '新和县', 370, 'Xinhe(Toksu) Xian'),
	(3466, '652926', '拜城县', 370, 'Baicheng(Bay) Xian'),
	(3467, '652927', '乌什县', 370, 'Wushi(Uqturpan) Xian'),
	(3468, '652928', '阿瓦提县', 370, 'Awat Xian'),
	(3469, '652929', '柯坪县', 370, 'Kalpin Xian'),
	(3470, '653001', '阿图什市', 371, 'Artux Shi'),
	(3471, '653022', '阿克陶县', 371, 'Akto Xian'),
	(3472, '653023', '阿合奇县', 371, 'Akqi Xian'),
	(3473, '653024', '乌恰县', 371, 'Wuqia(Ulugqat) Xian'),
	(3474, '653101', '喀什市', 372, 'Kashi (Kaxgar) Shi'),
	(3475, '653121', '疏附县', 372, 'Shufu Xian'),
	(3476, '653122', '疏勒县', 372, 'Shule Xian'),
	(3477, '653123', '英吉沙县', 372, 'Yengisar Xian'),
	(3478, '653124', '泽普县', 372, 'Zepu(Poskam) Xian'),
	(3479, '653125', '莎车县', 372, 'Shache(Yarkant) Xian'),
	(3480, '653126', '叶城县', 372, 'Yecheng(Kargilik) Xian'),
	(3481, '653127', '麦盖提县', 372, 'Markit Xian'),
	(3482, '653128', '岳普湖县', 372, 'Yopurga Xian'),
	(3483, '653129', '伽师县', 372, 'Jiashi(Payzawat) Xian'),
	(3484, '653130', '巴楚县', 372, 'Bachu(Maralbexi) Xian'),
	(3485, '653131', '塔什库尔干塔吉克自治县', 372, 'Taxkorgan Tajik Zizhixian'),
	(3486, '653201', '和田市', 373, 'Hotan Shi'),
	(3487, '653221', '和田县', 373, 'Hotan Xian'),
	(3488, '653222', '墨玉县', 373, 'Moyu(Karakax) Xian'),
	(3489, '653223', '皮山县', 373, 'Pishan(Guma) Xian'),
	(3490, '653224', '洛浦县', 373, 'Lop Xian'),
	(3491, '653225', '策勒县', 373, 'Qira Xian'),
	(3492, '653226', '于田县', 373, 'Yutian(Keriya) Xian'),
	(3493, '653227', '民丰县', 373, 'Minfeng(Niya) Xian'),
	(3494, '654002', '伊宁市', 374, 'Yining(Gulja) Shi'),
	(3495, '654003', '奎屯市', 374, 'Kuytun Shi'),
	(3496, '654021', '伊宁县', 374, 'Yining(Gulja) Xian'),
	(3497, '654022', '察布查尔锡伯自治县', 374, 'Qapqal Xibe Zizhixian'),
	(3498, '654023', '霍城县', 374, 'Huocheng Xin'),
	(3499, '654024', '巩留县', 374, 'Gongliu(Tokkuztara) Xian'),
	(3500, '654025', '新源县', 374, 'Xinyuan(Kunes) Xian'),
	(3501, '654026', '昭苏县', 374, 'Zhaosu(Mongolkure) Xian'),
	(3502, '654027', '特克斯县', 374, 'Tekes Xian'),
	(3503, '654028', '尼勒克县', 374, 'Nilka Xian'),
	(3504, '654201', '塔城市', 375, 'Tacheng(Qoqek) Shi'),
	(3505, '654202', '乌苏市', 375, 'Usu Shi'),
	(3506, '654221', '额敏县', 375, 'Emin(Dorbiljin) Xian'),
	(3507, '654223', '沙湾县', 375, 'Shawan Xian'),
	(3508, '654224', '托里县', 375, 'Toli Xian'),
	(3509, '654225', '裕民县', 375, 'Yumin(Qagantokay) Xian'),
	(3510, '654226', '和布克赛尔蒙古自治县', 375, 'Hebukesaiermengguzizhi Xian'),
	(3511, '654301', '阿勒泰市', 376, 'Altay Shi'),
	(3512, '654321', '布尔津县', 376, 'Burqin Xian'),
	(3513, '654322', '富蕴县', 376, 'Fuyun(Koktokay) Xian'),
	(3514, '654323', '福海县', 376, 'Fuhai(Burultokay) Xian'),
	(3515, '654324', '哈巴河县', 376, 'Habahe(Kaba) Xian'),
	(3516, '654325', '青河县', 376, 'Qinghe(Qinggil) Xian'),
	(3517, '654326', '吉木乃县', 376, 'Jeminay Xian'),
	(3518, '659001', '石河子市', 377, 'Shihezi Shi'),
	(3519, '659002', '阿拉尔市', 377, 'Alaer Shi'),
	(3520, '659003', '图木舒克市', 377, 'Tumushuke Shi'),
	(3521, '659004', '五家渠市', 377, 'Wujiaqu Shi'),
	(4000, '620503', '麦积区', 340, 'Maiji Qu'),
	(4001, '500116', '江津区', 270, 'Jiangjin Qu'),
	(4002, '500117', '合川区', 270, 'Hechuan Qu'),
	(4003, '500118', '永川区', 270, 'Yongchuan Qu'),
	(4004, '500119', '南川区', 270, 'Nanchuan Qu'),
	(4006, '340221', '芜湖县', 1412, 'Wuhu Xian'),
	(4100, '232701', '加格达奇区', 106, 'Jiagedaqi Qu'),
	(4101, '232702', '松岭区', 106, 'Songling Qu'),
	(4102, '232703', '新林区', 106, 'Xinlin Qu'),
	(4103, '232704', '呼中区', 106, 'Huzhong Qu'),
	(4200, '330402', '南湖区', 125, 'Nanhu Qu'),
	(4300, '360482', '共青城市', 162, 'Gongqingcheng Shi'),
	(4400, '640303', '红寺堡区', 360, 'Hongsibao Qu'),
	(4500, '620922', '瓜州县', 344, 'Guazhou Xian'),
	(4600, '421321', '随县', 215, 'Sui Xian'),
	(4700, '431102', '零陵区', 228, 'Lingling Qu'),
	(4800, '451119', '平桂管理区', 263, 'Pingguiguanli Qu'),
	(4900, '510802', '利州区', 279, 'Lizhou Qu'),
	(5000, '511681', '华蓥市', 286, 'Huaying Shi');
/*!40000 ALTER TABLE `region` ENABLE KEYS */;


-- 导出  表 community.role 结构
DROP TABLE IF EXISTS `role`;
CREATE TABLE IF NOT EXISTS `role` (
  `id` bigint(20) NOT NULL DEFAULT '0',
  `name` varchar(30) DEFAULT NULL,
  `description` varchar(50) DEFAULT NULL,
  `createdTime` datetime DEFAULT NULL,
  `modifiedTime` datetime DEFAULT NULL,
  PRIMARY KEY (`id`)
) ENGINE=InnoDB DEFAULT CHARSET=utf8;

-- 正在导出表  community.role 的数据：~6 rows (大约)
/*!40000 ALTER TABLE `role` DISABLE KEYS */;
REPLACE INTO `role` (`id`, `name`, `description`, `createdTime`, `modifiedTime`) VALUES
	(1, '初始化管理员', '初始化管理员', '2010-07-04 15:07:08', '2015-11-16 13:24:10'),
	(2, '授权管理员', '授权管理员', '2012-03-14 12:33:05', '2012-11-10 14:50:04'),
	(3, '审计管理员', '审计管理员', '2012-11-02 22:38:09', '2014-08-26 13:11:12'),
	(4, '配置管理员', '配置管理员', '2012-11-26 15:20:37', '2013-05-07 18:04:15'),
	(5, '社区管理员', '社区管理员', '2016-02-24 16:10:26', '2016-02-25 17:24:12'),
	(6, '测试管理员', '测试管理员', '2016-02-24 17:33:25', '2016-03-07 15:11:34');
/*!40000 ALTER TABLE `role` ENABLE KEYS */;


-- 导出  表 community.role_permission 结构
DROP TABLE IF EXISTS `role_permission`;
CREATE TABLE IF NOT EXISTS `role_permission` (
  `permission_id` bigint(20) NOT NULL DEFAULT '0',
  `role_id` bigint(20) NOT NULL DEFAULT '0',
  PRIMARY KEY (`permission_id`,`role_id`),
  KEY `FKBD40D53871460E8F` (`role_id`),
  KEY `FKBD40D538C7B2E02F` (`permission_id`),
  CONSTRAINT `FKBD40D538F7EB1F96` FOREIGN KEY (`role_id`) REFERENCES `role` (`id`)
) ENGINE=InnoDB DEFAULT CHARSET=utf8;

-- 正在导出表  community.role_permission 的数据：~26 rows (大约)
/*!40000 ALTER TABLE `role_permission` DISABLE KEYS */;
REPLACE INTO `role_permission` (`permission_id`, `role_id`) VALUES
	(100, 1),
	(101, 1),
	(102, 1),
	(103, 1),
	(140, 1),
	(141, 1),
	(170, 5),
	(171, 5),
	(100, 6),
	(101, 6),
	(102, 6),
	(103, 6),
	(104, 6),
	(110, 6),
	(111, 6),
	(112, 6),
	(113, 6),
	(140, 6),
	(141, 6),
	(150, 6),
	(151, 6),
	(160, 6),
	(161, 6),
	(180, 6),
	(181, 6),
	(182, 6);
/*!40000 ALTER TABLE `role_permission` ENABLE KEYS */;


-- 导出  表 community.safe_policy 结构
DROP TABLE IF EXISTS `safe_policy`;
CREATE TABLE IF NOT EXISTS `safe_policy` (
  `id` bigint(20) NOT NULL DEFAULT '0',
  `timeout` int(11) DEFAULT NULL,
  `passwordLength` int(11) DEFAULT NULL,
  `errorLimit` int(11) DEFAULT NULL,
  `remoteDisabled` tinyint(1) DEFAULT NULL,
  `macDisabled` tinyint(1) DEFAULT NULL,
  `passwordRules` varchar(255) CHARACTER SET utf8 DEFAULT NULL,
  `lockTime` int(10) NOT NULL DEFAULT '24' COMMENT '锁定时间(小时)',
  PRIMARY KEY (`id`)
) ENGINE=InnoDB DEFAULT CHARSET=utf8 COLLATE=utf8_bin COMMENT='安全策略表';

-- 正在导出表  community.safe_policy 的数据：~1 rows (大约)
/*!40000 ALTER TABLE `safe_policy` DISABLE KEYS */;
REPLACE INTO `safe_policy` (`id`, `timeout`, `passwordLength`, `errorLimit`, `remoteDisabled`, `macDisabled`, `passwordRules`, `lockTime`) VALUES
	(1, 600, 0, 3, 0, 0, '^[0-9a-zA-Z!$#%@^&amp;amp;amp;amp;amp;amp;amp;*()~_+]{8,20}$', 1);
/*!40000 ALTER TABLE `safe_policy` ENABLE KEYS */;


-- 导出  表 community.tenant 结构
DROP TABLE IF EXISTS `tenant`;
CREATE TABLE IF NOT EXISTS `tenant` (
  `id` bigint(11) NOT NULL AUTO_INCREMENT COMMENT '租客表',
  `name` varchar(50) DEFAULT NULL COMMENT '姓名',
  `community_room_id` bigint(20) DEFAULT NULL COMMENT '房间号',
  `sex` varchar(10) DEFAULT '男' COMMENT '性别',
  `idCard` varchar(50) DEFAULT NULL COMMENT '公民身份证号码',
  `mz` varchar(50) DEFAULT NULL COMMENT '民族',
  `birth` varchar(50) DEFAULT NULL COMMENT '生日',
  `sign` varchar(50) DEFAULT NULL COMMENT '签发机构',
  `address` varchar(255) DEFAULT NULL COMMENT '身份证住址',
  `DN` varchar(50) DEFAULT NULL COMMENT '身份证唯一码',
  `validity` varchar(50) DEFAULT NULL COMMENT '有效期',
  `phone` varchar(50) DEFAULT NULL COMMENT '电话',
  `description` varchar(50) DEFAULT NULL COMMENT '描述',
  `bytes` longblob COMMENT '身份证头像',
  `card_pic_before` longblob COMMENT '身份证正面',
  `card_pic_after` longblob COMMENT '身份证背面',
  `attention` tinyint(4) NOT NULL DEFAULT '1' COMMENT '1为普通 2警戒 3为高危',
  `init_date` datetime DEFAULT NULL COMMENT '登记时间',
  `last_date` datetime DEFAULT NULL COMMENT '最近登记',
  `ocr` tinyint(4) NOT NULL DEFAULT '0' COMMENT '1:OCR 0:硬件识别',
  `status` tinyint(4) DEFAULT '1' COMMENT '1:在住 0退租',
  PRIMARY KEY (`id`),
  KEY `community_room_id` (`community_room_id`),
  KEY `FKC4E39B5587E54418` (`community_room_id`),
  KEY `FKCBB4E8AA87E54418` (`community_room_id`),
  CONSTRAINT `FK_tenant_community_room` FOREIGN KEY (`community_room_id`) REFERENCES `community_room` (`id`)
) ENGINE=InnoDB AUTO_INCREMENT=13 DEFAULT CHARSET=utf8 COMMENT='人员表';

-- 正在导出表  community.tenant 的数据：~2 rows (大约)
/*!40000 ALTER TABLE `tenant` DISABLE KEYS */;
/*!40000 ALTER TABLE `tenant` ENABLE KEYS */;


-- 导出  表 community.tenant_log 结构
DROP TABLE IF EXISTS `tenant_log`;
CREATE TABLE IF NOT EXISTS `tenant_log` (
  `id` bigint(11) NOT NULL AUTO_INCREMENT COMMENT '租客表',
  `name` varchar(50) DEFAULT NULL COMMENT '姓名',
  `community_room_id` bigint(20) DEFAULT NULL COMMENT '房间号',
  `sex` varchar(10) DEFAULT '男' COMMENT '性别',
  `idCard` varchar(50) DEFAULT NULL COMMENT '公民身份证号码',
  `mz` varchar(50) DEFAULT NULL COMMENT '民族',
  `birth` varchar(50) DEFAULT NULL COMMENT '生日',
  `sign` varchar(50) DEFAULT NULL COMMENT '签发机构',
  `address` varchar(255) DEFAULT NULL COMMENT '身份证住址',
  `DN` varchar(50) DEFAULT NULL COMMENT '身份证唯一码',
  `validity` varchar(50) DEFAULT NULL COMMENT '有效期',
  `phone` varchar(50) DEFAULT NULL COMMENT '电话',
  `description` varchar(50) DEFAULT NULL COMMENT '描述',
  `bytes` longblob COMMENT '身份证头像',
  `card_pic_before` longblob COMMENT '身份证正面',
  `card_pic_after` longblob COMMENT '身份证背面',
  `attention` tinyint(4) NOT NULL DEFAULT '1' COMMENT '1为普通 2警戒 3为高危',
  `init_date` datetime DEFAULT NULL COMMENT '登记时间',
  `last_date` datetime DEFAULT NULL COMMENT '最近登记',
  `exitDate` datetime DEFAULT NULL COMMENT '退租时间',
  `ocr` tinyint(4) NOT NULL DEFAULT '0' COMMENT '1:OCR 0:硬件识别',
  `status` tinyint(4) DEFAULT '1' COMMENT '1:在住 0退租',
  PRIMARY KEY (`id`),
  KEY `FK_tenant_log_community_room` (`community_room_id`),
  CONSTRAINT `FK_tenant_log_community_room` FOREIGN KEY (`community_room_id`) REFERENCES `community_room` (`id`)
) ENGINE=InnoDB AUTO_INCREMENT=3 DEFAULT CHARSET=utf8 COMMENT='人员表';

-- 正在导出表  community.tenant_log 的数据：~1 rows (大约)
/*!40000 ALTER TABLE `tenant_log` DISABLE KEYS */;
/*!40000 ALTER TABLE `tenant_log` ENABLE KEYS */;


-- 导出  表 community.user 结构
DROP TABLE IF EXISTS `user`;
CREATE TABLE IF NOT EXISTS `user` (
  `id` bigint(11) NOT NULL AUTO_INCREMENT,
  `idcard` varchar(20) DEFAULT NULL,
  `name` varchar(20) DEFAULT NULL,
  `password` varchar(50) DEFAULT NULL,
  `phone` varchar(15) DEFAULT NULL,
  `register_time` timestamp NULL DEFAULT NULL,
  `modify_time` timestamp NULL DEFAULT NULL,
  `community_id` bigint(11) DEFAULT NULL,
  `number` varchar(20) DEFAULT NULL,
  `status` tinyint(4) DEFAULT NULL,
  PRIMARY KEY (`id`),
  UNIQUE KEY `phone` (`phone`),
  KEY `FK36EBCBEA5694FE` (`community_id`),
  KEY `FK36EBCB38719A5` (`community_id`),
  CONSTRAINT `FK36EBCB38719A5` FOREIGN KEY (`community_id`) REFERENCES `community` (`id`),
  CONSTRAINT `FK36EBCBEA5694FE` FOREIGN KEY (`community_id`) REFERENCES `community` (`id`),
  CONSTRAINT `FK_user_community` FOREIGN KEY (`community_id`) REFERENCES `community` (`id`)
) ENGINE=InnoDB AUTO_INCREMENT=3 DEFAULT CHARSET=utf8;

-- 正在导出表  community.user 的数据：~1 rows (大约)
/*!40000 ALTER TABLE `user` DISABLE KEYS */;
REPLACE INTO `user` (`id`, `idcard`, `name`, `password`, `phone`, `register_time`, `modify_time`, `community_id`, `number`, `status`) VALUES
	(2, '333333333333333333', '张某', '1A100D2C0DAB19C4430E7D73762B3423', '13333333333', '2016-02-25 17:35:41', '2016-02-25 17:35:41', 1, '333333', 0);
/*!40000 ALTER TABLE `user` ENABLE KEYS */;


-- 导出  表 community.user_oper_log 结构
DROP TABLE IF EXISTS `user_oper_log`;
CREATE TABLE IF NOT EXISTS `user_oper_log` (
  `id` bigint(11) unsigned zerofill NOT NULL AUTO_INCREMENT,
  `phone` varchar(15) DEFAULT NULL,
  `log_time` datetime DEFAULT NULL,
  `log_info` varchar(15) DEFAULT NULL,
  `logInfo` varchar(255) DEFAULT NULL,
  PRIMARY KEY (`id`)
) ENGINE=InnoDB AUTO_INCREMENT=2 DEFAULT CHARSET=utf8;

-- 正在导出表  community.user_oper_log 的数据：~1 rows (大约)
/*!40000 ALTER TABLE `user_oper_log` DISABLE KEYS */;
/*!40000 ALTER TABLE `user_oper_log` ENABLE KEYS */;
/*!40101 SET SQL_MODE=IFNULL(@OLD_SQL_MODE, '') */;
/*!40014 SET FOREIGN_KEY_CHECKS=IF(@OLD_FOREIGN_KEY_CHECKS IS NULL, 1, @OLD_FOREIGN_KEY_CHECKS) */;
/*!40101 SET CHARACTER_SET_CLIENT=@OLD_CHARACTER_SET_CLIENT */;
